Audio,Label
"[-0.03759589 -0.08766122 -0.09222031 ...  0.14798822  0.20491657
  0.2869868 ]",dog_bark
"[-6.5877213e-12 -3.1704857e-11 -3.4417275e-11 ... -2.2536816e-01
 -2.1526209e-01 -2.2343485e-01]",drilling
"[ 0.12812449  0.00772619 -0.2758838  ...  0.3019527   0.17583176
 -0.10618849]",drilling
"[-0.00251794 -0.10944875 -0.12761687 ...  0.29523748  0.17346461
  0.2846763 ]",drilling
"[-0.23721279 -0.3252567  -0.00310288 ...  0.2508274   0.34050974
  0.28401914]",drilling
"[ 0.15383087  0.12806693  0.03407774 ... -0.08702885 -0.21055779
 -0.26587236]",drilling
"[ 5.2922258e-09  1.6004181e-08  4.7401070e-09 ...  2.7191982e-02
  1.4713607e-02 -4.8893259e-04]",drilling
"[-1.0245022e-08  1.5845179e-08  2.0875628e-08 ... -2.2062978e-01
 -2.2793958e-01  3.9053343e-03]",drilling
"[-0.06240699 -0.08447988  0.08501932 ... -0.2166778  -0.19034638
 -0.07801569]",drilling
"[ 0.03110898  0.13373412  0.1415616  ...  0.01931697 -0.15464368
 -0.31191227]",drilling
"[ 0.3560736   0.5086121  -0.14661768 ... -0.06021116  0.01916632
  0.09211677]",drilling
"[ 0.07483655  0.05057519 -0.11585651 ... -0.2639905  -0.09148473
  0.31689146]",drilling
"[ 0.02460671  0.14390585  0.07167882 ... -0.14416681 -0.12938552
 -0.11187138]",drilling
"[ 0.2118399   0.18944472 -0.0604811  ...  0.17232843 -0.15046997
 -0.07220295]",drilling
"[-0.11596054 -0.31868708 -0.38793012 ... -0.04733545 -0.02656614
 -0.27159965]",drilling
"[ 0.07116783  0.08256514 -0.08635143 ...  0.07772069  0.02216177
 -0.08669823]",drilling
"[-0.22345519 -0.27786383 -0.01109567 ...  0.4972933   0.45174167
 -0.22977833]",drilling
"[-0.13593888 -0.21582593 -0.02362122 ... -0.1577934  -0.14595576
 -0.10474613]",drilling
"[-0.40654337 -0.4694202   0.09955709 ... -0.39687556 -0.29505533
  0.20263505]",drilling
"[ 1.1389096e-09 -1.0937027e-10 -5.9858368e-10 ...  3.2267758e-01
  3.2050934e-01  2.6374546e-01]",drilling
"[ 1.3550286e-08  1.7205110e-08 -3.2215746e-09 ...  6.2140536e-02
 -5.2823827e-02 -8.1600100e-02]",drilling
"[ 0.15102527  0.18010749 -0.13477811 ...  0.03047437  0.03486229
  0.00755235]",drilling
"[ 0.00470594 -0.00431742  0.01105181 ... -0.00426373  0.13586359
  0.2150935 ]",drilling
"[ 0.12135767  0.11718453 -0.11984297 ... -0.33643687 -0.09491867
  0.02388769]",drilling
"[-0.07865567 -0.19893727 -0.20748644 ...  0.06525515  0.06827281
  0.06300844]",engine_idling
"[ 0.00063244  0.00788235 -0.00511964 ... -0.02561511 -0.02070993
  0.00234942]",engine_idling
[0.02774564 0.0402593  0.02918336 ... 0.01291209 0.02242327 0.09074582],engine_idling
"[ 0.00204127 -0.00859894 -0.01553397 ...  0.04208402  0.03759602
  0.04905722]",engine_idling
"[ 0.03936507  0.07100611  0.06353483 ... -0.0033998   0.01371251
  0.04880508]",engine_idling
[0.03487991 0.04618144 0.02437285 ... 0.0268205  0.02783639 0.02376391],engine_idling
"[ 0.08380777  0.1233132   0.10538376 ... -0.06732024 -0.06495493
 -0.06302376]",engine_idling
"[ 0.03033787  0.05749174  0.06375365 ... -0.01419113 -0.04254055
 -0.03939804]",engine_idling
"[ 0.00012993 -0.00013585  0.00014801 ... -0.04963255 -0.04768949
 -0.05237869]",gun_shot
"[ 1.95575680e-08  1.59046021e-08  3.99078814e-08 ...  6.19763061e-02
 -1.99413113e-02  1.12489395e-01]",engine_idling
"[ 0.23267472  0.3256497   0.29737276 ...  0.02988039 -0.0590867
 -0.02164588]",engine_idling
"[-0.0145127   0.12506217  0.09725316 ...  0.37846214  0.3393389
  0.43971458]",engine_idling
"[ 0.00046608  0.00112632 -0.0040957  ...  0.0024584   0.00189718
  0.00418912]",dog_bark
"[ 0.00084133  0.00102328  0.00081156 ... -0.3132918  -0.28298187
 -0.26143575]",dog_bark
"[-0.00383819 -0.00606698 -0.00497014 ... -0.00028214 -0.00033011
 -0.0009991 ]",dog_bark
"[-0.28692177 -0.46662933 -0.35670578 ... -0.00465801 -0.00336966
 -0.00210211]",dog_bark
"[-0.0005982  -0.00160691 -0.00140953 ... -0.00041755 -0.00062283
 -0.0003794 ]",dog_bark
"[-0.04432328 -0.0719937  -0.06029384 ... -0.01708216 -0.0214881
 -0.03540606]",dog_bark
"[ 0.0461048   0.01114676 -0.10465442 ... -0.1394633  -0.11790767
 -0.10780263]",dog_bark
"[-0.04752816 -0.07133923 -0.05360948 ... -0.01798073 -0.06376399
 -0.13878956]",dog_bark
"[ 0.00944006  0.02131029  0.02506628 ... -0.00538624 -0.0147545
 -0.02786013]",dog_bark
"[ 0.0084298   0.01833321  0.01322981 ... -0.01405104 -0.08793386
 -0.15780225]",dog_bark
[0.05410505 0.12863539 0.13650219 ... 0.00186053 0.0008158  0.00131521],dog_bark
"[-0.06593279 -0.12709628 -0.11857918 ... -0.01518449 -0.02709417
 -0.04307847]",dog_bark
"[-0.02793166 -0.04720864 -0.03640709 ... -0.03988296 -0.02906761
 -0.01194806]",dog_bark
"[-0.00045014 -0.00067196 -0.00034591 ... -0.14369641 -0.10565795
 -0.05569809]",car_horn
"[ 3.7163208e-04 -1.3007123e-02 -2.1864355e-02 ... -5.3583151e-01
 -5.5949211e-01 -5.3985757e-01]",car_horn
"[ 0.09925877  0.18324696  0.24650282 ... -0.01839157 -0.00629772
 -0.00568467]",car_horn
[0.00974569 0.01757153 0.01846248 ... 0.01611374 0.01665495 0.01658591],dog_bark
"[-0.25629765 -0.5812951  -0.545773   ...  0.44121158  0.29119214
  0.502617  ]",siren
"[-0.20933397 -0.40561178 -0.45199752 ... -0.0299952  -0.09134751
 -0.05089584]",siren
"[ 0.02705     0.029566   -0.01873123 ... -0.06407916 -0.03948208
 -0.075413  ]",children_playing
"[ 0.04629987  0.09409879  0.05849499 ... -0.30280393 -0.257449
 -0.19108616]",children_playing
[0.00202304 0.01943438 0.06740123 ... 0.03881936 0.06273459 0.07340479],children_playing
"[ 0.00992891  0.01082568  0.01229569 ... -0.10083751 -0.11346755
 -0.14453794]",children_playing
"[-0.01324634 -0.00834237 -0.00569115 ...  0.05612246 -0.03548533
 -0.14012736]",children_playing
"[ 0.07202326  0.15176374  0.16388725 ... -0.14223483 -0.13032952
 -0.1130851 ]",children_playing
"[ 0.05568672  0.03210751 -0.04141911 ... -0.13212375 -0.08491641
 -0.04555868]",children_playing
"[-0.01950108 -0.01823893  0.01032577 ... -0.10321704 -0.15260072
 -0.1895574 ]",children_playing
[0.41634843 0.6875612  0.50668913 ... 0.00208828 0.00212153 0.00243511],dog_bark
"[-0.00097288 -0.0015553  -0.00131224 ... -0.00113157 -0.00102188
 -0.00128526]",dog_bark
"[ 0.00130409  0.00208838  0.00179965 ... -0.00142016 -0.0008258
 -0.00034778]",dog_bark
"[ 0.02624762  0.04016013  0.04453076 ... -0.01084721 -0.01874802
 -0.01073081]",dog_bark
[0.087832   0.14851968 0.1329273  ... 0.12513788 0.1238262  0.12764081],dog_bark
[0.06168018 0.0929779  0.06431906 ... 0.260447   0.2363545  0.2161892 ],dog_bark
"[ 0.00838664  0.01362108  0.01198878 ...  0.0020066   0.00083137
 -0.0010137 ]",dog_bark
[0.00471421 0.01113522 0.00588474 ... 0.06875557 0.08159031 0.08479463],dog_bark
"[-0.00584066 -0.00475856  0.00110074 ...  0.04233186  0.04821173
  0.04995193]",dog_bark
"[-0.00017253  0.00250527  0.0060669  ...  0.02747711  0.01679432
  0.00296607]",dog_bark
"[ 0.01643234 -0.01942601 -0.04156785 ... -0.13368002 -0.04237907
  0.00668445]",air_conditioner
"[ 0.35679388  0.6745      0.54502016 ... -0.08892763 -0.15553421
 -0.12312021]",air_conditioner
"[-0.00968795 -0.08830268 -0.1678401  ... -0.25014913  0.00486617
  0.19047096]",air_conditioner
"[ 0.02931164  0.1414695   0.24097016 ... -0.11992175 -0.0877661
 -0.13832608]",air_conditioner
"[ 0.11086476  0.05736705 -0.17558205 ... -0.33427566 -0.2639499
 -0.11808222]",air_conditioner
"[-0.12061477 -0.2749072  -0.22237203 ...  0.14710048  0.24974489
  0.22293474]",air_conditioner
"[ 0.03575809  0.04772307  0.0293747  ... -0.29881436 -0.3384907
 -0.3777422 ]",air_conditioner
[0.06209687 0.22394468 0.28893736 ... 0.08194329 0.0701156  0.07317575],air_conditioner
"[-0.21502997 -0.37564546 -0.3126209  ...  0.07810523 -0.00156524
 -0.03530442]",air_conditioner
[0.01773569 0.04715034 0.02328643 ... 0.1930067  0.32150427 0.5302932 ],air_conditioner
"[-0.02776325  0.01199086  0.0683137  ...  0.02347679  0.17515665
  0.18579449]",air_conditioner
"[ 0.01908955 -0.11731812 -0.23386343 ...  0.11608593 -0.00633962
 -0.08211053]",air_conditioner
"[-0.13665158 -0.19761163  0.07738233 ... -0.17483369 -0.13536224
 -0.11658083]",air_conditioner
"[-0.0957856  -0.22553524 -0.24531357 ...  0.13367708  0.07069588
  0.06658413]",air_conditioner
[0.00955111 0.10944298 0.16568586 ... 0.0066491  0.1718419  0.26652005],air_conditioner
"[-0.02522095 -0.12780386 -0.15927044 ...  0.10818213  0.08557718
  0.13017637]",air_conditioner
"[ 0.0967914   0.02911472 -0.18824124 ... -0.25017104 -0.3275113
 -0.4256328 ]",air_conditioner
[0.13099265 0.30926535 0.34940457 ... 0.10125487 0.13874906 0.17422359],air_conditioner
"[-0.04258408 -0.13704564 -0.1895268  ... -0.23906945 -0.25262302
 -0.18627259]",air_conditioner
"[-0.02693211  0.04443176  0.15582953 ... -0.10985216 -0.0829722
 -0.01229953]",air_conditioner
"[-0.08556674 -0.11925987 -0.08884562 ... -0.06411491 -0.10753193
 -0.08816577]",air_conditioner
"[ 0.05692365  0.12147603  0.1277582  ... -0.01073573  0.02853649
  0.02183345]",air_conditioner
"[ 0.00075725  0.0174332   0.0704316  ... -0.16563971  0.01946732
  0.27362463]",air_conditioner
"[-0.0115807  -0.03183235  0.00261468 ...  0.1516969   0.09512097
  0.03854032]",air_conditioner
[0.02724259 0.03711902 0.0444166  ... 0.23588166 0.21692489 0.24136795],children_playing
"[-0.18537761 -0.3168795  -0.29836833 ...  0.08001356  0.06752336
  0.06347796]",children_playing
[0.06443039 0.15578932 0.17311554 ... 0.17268197 0.22121954 0.2928384 ],children_playing
"[-0.14268203 -0.21648705 -0.16097166 ... -0.06754516 -0.09669407
 -0.18512546]",children_playing
"[-0.20999973 -0.28572726 -0.13518982 ...  0.1741785   0.17086992
  0.15830278]",children_playing
"[-0.16844104 -0.19425398 -0.01636965 ... -0.28038758 -0.14243956
 -0.00837587]",children_playing
[0.03367744 0.0946357  0.14361636 ... 0.16006647 0.18060772 0.21334349],children_playing
"[ 0.13411072  0.2926766   0.31671867 ... -0.07237228 -0.05588036
 -0.02334769]",children_playing
"[ 0.00065167  0.00179974  0.0019914  ...  0.08084546  0.06418828
 -0.00532958]",gun_shot
"[ 0.02339348 -0.01761301 -0.0330824  ... -0.08949867 -0.13356912
 -0.1475028 ]",gun_shot
"[-0.00302891  0.00115421  0.01100715 ...  0.17916489  0.15630257
  0.13887317]",gun_shot
"[ 0.0107005   0.01562346  0.01046856 ... -0.07394753 -0.05409806
 -0.03685667]",gun_shot
[0.01160418 0.02439235 0.01988026 ... 0.00524906 0.03152589 0.08580235],gun_shot
"[-0.00737363 -0.03192162 -0.01764893 ...  0.03544401  0.02436903
  0.03405996]",gun_shot
"[-0.01366924 -0.01644601 -0.0106895  ...  0.10452124  0.04483915
 -0.0153012 ]",gun_shot
"[-0.00107196  0.0118141   0.02709904 ... -0.0536757  -0.07552835
 -0.08579755]",gun_shot
"[ 0.00641021  0.0116806   0.01240059 ...  0.02385042 -0.03551203
 -0.06674258]",gun_shot
"[ 9.0295376e-05  2.4266278e-04  5.2589248e-04 ... -1.3287285e-01
 -7.5666115e-02 -4.5661591e-02]",gun_shot
"[-2.2731982e-08 -2.8416945e-08 -2.4625356e-08 ... -1.9029671e-01
 -1.3840052e-01 -1.1593120e-01]",gun_shot
"[ 2.7717492e-10  1.5729779e-09  1.5521184e-08 ... -1.8598583e-01
 -1.8542242e-01 -1.7423606e-01]",gun_shot
"[-9.1297891e-10  1.7604663e-09 -4.9842308e-09 ... -9.9859580e-02
 -1.2205484e-01 -1.6011131e-01]",gun_shot
"[ 0.00526987 -0.00033582 -0.00996119 ...  0.10496393  0.06717946
  0.0454556 ]",gun_shot
"[ 0.03676045  0.03167547 -0.01592726 ... -0.01546332 -0.02570035
  0.00576735]",street_music
"[-0.02311388 -0.03473038 -0.04053104 ...  0.07034974  0.06847222
  0.10821728]",street_music
"[-0.05668838 -0.06717603 -0.01211823 ... -0.26316732 -0.30534345
 -0.34470394]",street_music
"[ 0.19465418  0.1985537   0.04757236 ... -0.01330425 -0.0034328
  0.05025964]",street_music
[0.00440606 0.03738281 0.05213063 ... 0.1095941  0.1015043  0.10102735],street_music
"[-0.03287584 -0.08284458 -0.11778419 ...  0.36566275  0.37500897
  0.37361205]",street_music
"[ 0.04561856  0.3103255   0.3857593  ... -0.00271227 -0.00865037
 -0.01432831]",drilling
"[-0.18662176 -0.28998503 -0.03425592 ...  0.02797951 -0.05750081
  0.12931207]",engine_idling
"[-0.3024511  -0.33473554 -0.32625103 ...  0.1054555   0.03277526
 -0.12318499]",engine_idling
"[ 0.02481074  0.08231982  0.00081151 ... -0.10614704 -0.24523835
 -0.06232515]",engine_idling
"[-0.05414585 -0.30230066  0.03656746 ...  0.23875153  0.16625896
  0.39519677]",engine_idling
"[ 0.08039462  0.08435661 -0.19213088 ...  0.09762242  0.06789373
 -0.07260684]",engine_idling
[0.33026528 0.30095908 0.15094817 ... 0.03194073 0.26605916 0.10214059],engine_idling
"[-0.05898008 -0.05584887 -0.05881576 ...  0.38289452  0.153476
  0.21687548]",engine_idling
"[-0.08309431 -0.19054313 -0.12478574 ... -0.02873367  0.09433167
 -0.00939267]",engine_idling
"[ 0.16349095  0.13100491  0.06291893 ... -0.368076   -0.25372273
 -0.36054954]",engine_idling
"[ 0.01929505 -0.01036532  0.12353587 ... -0.0012846   0.03349148
  0.02428133]",engine_idling
"[-0.21941617 -0.27174905 -0.14389995 ... -0.19824804 -0.2695858
 -0.16829127]",engine_idling
[0.11444118 0.12155857 0.1303028  ... 0.441562   0.54255724 0.36700937],engine_idling
"[-0.11880667 -0.06071095 -0.1193259  ... -0.11962671 -0.1406388
 -0.20596842]",engine_idling
"[ 0.27611843  0.38646287 -0.0385199  ... -0.0333624   0.27913612
  0.29251596]",engine_idling
"[-0.01335121 -0.1636541  -0.16297121 ... -0.08499358 -0.13351281
 -0.44116873]",engine_idling
"[-0.10660022 -0.03336597  0.12088531 ... -0.2411309  -0.16270742
 -0.44180393]",engine_idling
"[-0.24750197 -0.35346526 -0.3950791  ...  0.11557455  0.06254809
  0.03365379]",engine_idling
"[-0.20212674 -0.19291377 -0.2276657  ... -0.11853849 -0.02872766
 -0.02644339]",engine_idling
"[-0.00056502 -0.17981133 -0.05928205 ...  0.06148066  0.06002266
 -0.00939699]",engine_idling
"[-0.13541289 -0.23739593 -0.4611076  ... -0.01739587  0.02624813
 -0.08456869]",engine_idling
"[-0.14513579 -0.3495352  -0.2624535  ... -0.18811256 -0.04985186
 -0.0852071 ]",engine_idling
"[-0.33809835 -0.48794073 -0.3891121  ... -0.09684887  0.04779983
  0.16386108]",engine_idling
"[-0.04862767 -0.01701212 -0.14128119 ... -0.20587163 -0.17354934
 -0.05860346]",engine_idling
"[ 0.09781132  0.13584806 -0.08086098 ... -0.14580913 -0.3235755
 -0.25635645]",engine_idling
"[-0.08653197 -0.2549022  -0.22855647 ...  0.2789266   0.2571531
  0.32904655]",engine_idling
[0.10859688 0.1356202  0.06633984 ... 0.13343772 0.10794953 0.2925487 ],engine_idling
[0.12191968 0.30316344 0.26807106 ... 0.1976938  0.23030216 0.10410168],engine_idling
"[ 0.1367511   0.2957883   0.19007863 ... -0.02828562  0.13218395
  0.16794094]",engine_idling
"[ 0.00101914  0.00281943 -0.02430066 ...  0.25363293  0.03297513
 -0.05385713]",engine_idling
"[ 0.04938542  0.1456826   0.07847545 ... -0.15292792 -0.20727661
 -0.16870189]",engine_idling
"[-0.18215138 -0.43886745 -0.35277537 ...  0.12935434  0.15522447
 -0.00328815]",engine_idling
"[ 0.09107392  0.25704092  0.42714018 ...  0.31777683  0.0560711
 -0.03620391]",engine_idling
"[-0.5199704  -0.9110889  -0.42447528 ...  0.0086852  -0.05252206
 -0.18468253]",engine_idling
"[-0.06340213  0.17256789  0.14396273 ... -0.36891076 -0.2247167
 -0.08877708]",engine_idling
"[ 1.4931184e-13 -3.3829195e-14 -2.7551136e-13 ... -1.4678738e-01
 -6.9760904e-02 -7.4835307e-06]",dog_bark
"[ 6.2545751e-06 -4.2886181e-06  1.7538185e-05 ... -6.3958824e-02
 -5.7109561e-02 -4.7108863e-02]",air_conditioner
"[ 0.10043006  0.15038551  0.1287838  ... -0.0551185  -0.05080419
 -0.12041612]",air_conditioner
"[ 0.14967033  0.23133224  0.21131584 ...  0.03903088  0.00987343
 -0.00950275]",air_conditioner
"[ 0.00218379  0.00607224  0.01614093 ...  0.00408972  0.00138218
 -0.00343991]",air_conditioner
[0.01812969 0.01865188 0.01222705 ... 0.06340067 0.0558001  0.06943205],air_conditioner
"[-0.04623609 -0.09639391 -0.09075089 ...  0.25544825  0.20755142
  0.22524214]",air_conditioner
"[ 0.04335989  0.09875299  0.11893728 ... -0.08088829 -0.05069159
 -0.1110498 ]",air_conditioner
"[ 0.07960923 -0.11112479 -0.31516922 ... -0.4693638  -0.4133391
 -0.5303238 ]",air_conditioner
"[ 0.07348026  0.13950585  0.13107002 ... -0.03249989 -0.01861056
 -0.04026224]",air_conditioner
"[-0.06511429 -0.11553487 -0.0953711  ...  0.13302623  0.12146258
  0.10607059]",air_conditioner
"[ 0.06414647  0.09250161  0.08260012 ... -0.0852031  -0.09666365
 -0.10502981]",air_conditioner
"[ 0.10872342  0.20287995  0.19172694 ... -0.01783247 -0.01114894
  0.03447142]",air_conditioner
"[ 0.01123763 -0.00341208 -0.03956505 ...  0.12441137  0.10417128
  0.11993507]",air_conditioner
"[-0.00876399  0.02043818 -0.04061801 ... -0.06734151 -0.04099803
 -0.01408939]",air_conditioner
"[-0.03613383 -0.07198837 -0.0914612  ... -0.10542212 -0.13314746
 -0.10397538]",air_conditioner
"[-0.02957018 -0.08055932 -0.03496531 ... -0.15156193 -0.15086961
 -0.14567211]",air_conditioner
"[-0.14989436 -0.19035976 -0.19783202 ... -0.06467199 -0.05571687
 -0.06505336]",air_conditioner
"[-0.02812986 -0.06641916 -0.05967588 ... -0.08390746 -0.08912525
 -0.12219324]",air_conditioner
"[ 0.03048428  0.04264653  0.05608271 ...  0.01174449 -0.00073997
  0.03031496]",air_conditioner
"[-0.141424   -0.24208578 -0.22899543 ...  0.27358717  0.2536524
  0.26309878]",air_conditioner
[0.13581315 0.2118358  0.17532977 ... 0.02670473 0.02903395 0.03025945],air_conditioner
"[-0.02030361 -0.04896962 -0.03413301 ...  0.0163292   0.01490388
  0.0244928 ]",air_conditioner
"[ 0.02285599  0.04338229  0.03418604 ... -0.08554277 -0.07484848
 -0.08599143]",air_conditioner
[0.08870948 0.07310557 0.01989423 ... 0.593817   0.56080216 0.51153237],air_conditioner
"[1.9946512e-08 2.2101114e-08 3.0208491e-10 ... 1.3353446e-02 1.3748653e-02
 1.3601394e-02]",gun_shot
"[ 1.37769423e-08 -5.52541479e-09  3.87422752e-08 ... -1.16465725e-01
 -9.64628085e-02 -7.04364777e-02]",gun_shot
"[-5.4094542e-08 -9.9628252e-08 -8.0625256e-08 ...  2.6439335e-02
  5.6775063e-02  8.1482038e-02]",gun_shot
"[-5.7753496e-05  8.0782229e-05 -3.2508407e-05 ...  9.5886558e-02
  2.0854314e-01  2.9771471e-01]",gun_shot
"[ 0.02129924  0.03507703  0.02815665 ... -0.30794954 -0.28018385
 -0.28904334]",children_playing
[0.33563727 0.58533746 0.49778858 ... 0.4326461  0.29650214 0.19119409],children_playing
"[ 0.03800197  0.00617855 -0.10558748 ...  0.1087293  -0.1136484
 -0.17100526]",children_playing
"[-0.01543249 -0.0280741  -0.03441069 ...  0.05898523  0.02943337
  0.00109785]",children_playing
"[ 0.06328119  0.10907396  0.09645136 ... -0.02383683 -0.04390545
 -0.04289882]",children_playing
"[-0.11323908 -0.16500823 -0.11835091 ...  0.13776487 -0.01789025
 -0.10236701]",children_playing
"[ 0.10040217  0.19076568  0.241924   ... -0.07494868 -0.13867465
 -0.2028093 ]",children_playing
"[-0.18143706 -0.3450666  -0.31851584 ... -0.03358343  0.01980749
  0.14105809]",children_playing
[0.00845953 0.01511738 0.01317742 ... 0.09664363 0.07852005 0.0775596 ],car_horn
"[ 0.00159755  0.00365413  0.00178751 ... -0.01364058 -0.01051134
 -0.00481978]",car_horn
"[-0.00154926 -0.00502153 -0.00662079 ... -0.23159227 -0.4125825
 -0.43772715]",car_horn
"[-0.00454732 -0.00862734 -0.0100586  ...  0.37498057  0.5288104
  0.6248446 ]",car_horn
"[-1.7411183e-07  9.2380390e-08 -1.9676954e-05 ... -1.7032717e-01
 -1.5851012e-01 -1.7232360e-01]",air_conditioner
"[ 0.22828951  0.38031033  0.33055001 ... -0.11091623 -0.10419182
 -0.11522915]",air_conditioner
"[-0.10504664 -0.1733437  -0.1479771  ... -0.06152802 -0.06252502
 -0.07358204]",air_conditioner
"[-0.07589018 -0.12826207 -0.11493205 ...  0.18976496  0.18403344
  0.20927191]",air_conditioner
"[-0.22812234 -0.48452398 -0.3880166  ... -0.05233647  0.20505704
  0.24488787]",children_playing
"[ 0.01111249  0.03880687  0.01370139 ... -0.01377368 -0.04023812
  0.07450449]",children_playing
[0.04329433 0.0707669  0.14606616 ... 0.1921806  0.36149916 0.4506311 ],children_playing
"[ 0.14719559  0.24964817  0.27054098 ... -0.3581724  -0.54182106
 -0.4732292 ]",children_playing
"[ 0.3396803   0.2830951  -0.00332271 ... -0.02157493 -0.15233223
 -0.18756983]",children_playing
"[-0.19376841 -0.34438193 -0.30442327 ... -0.1927619  -0.16099362
 -0.13088165]",street_music
"[-0.18939185 -0.35045585 -0.3447835  ... -0.13858059 -0.11587784
 -0.13820073]",street_music
"[-0.24863695 -0.4197417  -0.37564054 ...  0.26540315  0.3074088
  0.35352024]",street_music
"[ 0.16176374  0.23259318  0.2007932  ... -0.15929636 -0.17005599
 -0.24196643]",street_music
[0.17500465 0.2748251  0.18002851 ... 0.17607504 0.16995706 0.23578419],street_music
"[-0.41871506 -0.67558163 -0.5740279  ... -0.2886907  -0.2540263
 -0.2493409 ]",street_music
"[-0.06847887 -0.05492609 -0.00784988 ... -0.28460935 -0.30376473
 -0.38620198]",children_playing
[0.24243069 0.42112777 0.3763781  ... 0.09226227 0.11438908 0.13995354],children_playing
"[ 0.0527422   0.09545089  0.07533183 ... -0.1452998  -0.13498981
 -0.12011345]",children_playing
[0.03839335 0.07746194 0.05468955 ... 0.15667716 0.06255943 0.04415312],children_playing
"[-0.32972252 -0.53929067 -0.46725273 ... -0.01063074 -0.06400024
 -0.11997642]",children_playing
"[-0.00501499 -0.03219686 -0.03879398 ...  0.1952472   0.15592459
  0.16315085]",children_playing
[0.1546658  0.258611   0.18965971 ... 0.19227557 0.13364522 0.11471432],children_playing
"[-0.00242164 -0.00982329 -0.00364088 ...  0.14965972  0.13906026
  0.02375342]",children_playing
"[-0.00038176 -0.00092099 -0.00058417 ... -0.08946485 -0.0625449
 -0.04333332]",dog_bark
"[ 6.8630058e-08 -7.0526546e-08  6.8134703e-08 ...  9.2697851e-03
  1.1985501e-02  1.3745572e-02]",dog_bark
"[ 0.00540527  0.00532162 -0.00257086 ...  0.00340336  0.00247966
  0.00155641]",dog_bark
"[ 0.00324144  0.00520924  0.00221992 ... -0.4487712  -0.3721466
 -0.28973278]",dog_bark
"[ 0.00502212  0.0071115  -0.00014678 ...  0.00184255  0.00220001
  0.00259227]",dog_bark
"[ 0.00489131  0.00503086  0.00274445 ... -0.02162255  0.03120563
 -0.0266771 ]",air_conditioner
"[-0.07878373 -0.13742529 -0.13899483 ... -0.22122557 -0.22334294
 -0.19791614]",air_conditioner
"[-0.10092641 -0.11968164 -0.11365798 ... -0.14958656 -0.09530656
 -0.07928778]",air_conditioner
"[-0.081042   -0.06141808 -0.00390544 ... -0.16988982 -0.17497094
 -0.21390527]",air_conditioner
"[-0.05495827 -0.16333573 -0.11639592 ... -0.21404824 -0.19415224
 -0.20808467]",air_conditioner
"[-0.2021774  -0.4274065  -0.43222752 ... -0.13876754 -0.14691079
 -0.2494921 ]",air_conditioner
"[-0.22693397 -0.38236824 -0.35884243 ... -0.32808995 -0.23754762
 -0.3282131 ]",air_conditioner
"[-0.15745513 -0.25650534 -0.30579397 ... -0.01280359 -0.03541842
 -0.13039857]",air_conditioner
"[-0.2867769  -0.47284123 -0.3622358  ... -0.45654288 -0.4486391
 -0.4299744 ]",air_conditioner
"[-0.01033589 -0.01110868  0.00508959 ...  0.19210678  0.3691963
  0.5634097 ]",dog_bark
"[ 0.00794292 -0.15119043 -0.95686734 ... -0.95686734  0.05944549
 -0.51435   ]",gun_shot
"[-1.0568577e-05 -1.4093709e-05 -1.2372054e-05 ... -1.5843858e-04
 -2.8122257e-04 -1.5225942e-04]",gun_shot
"[-1.9190385e-07 -2.5221650e-06 -1.6394071e-05 ...  6.5877516e-04
  6.3185010e-04  6.5556442e-04]",gun_shot
"[-3.3354252e-05 -3.2485357e-05  1.6550995e-05 ... -7.7236551e-03
  6.0679368e-03 -1.9682875e-02]",gun_shot
"[-2.1285421e-06 -5.9269169e-06  2.1780429e-06 ...  3.2368791e-04
  3.4413836e-04  3.5175486e-04]",gun_shot
"[ 4.2243864e-06  5.6710942e-06  3.5010326e-06 ... -4.9646631e-02
 -3.2053959e-02 -1.3500940e-02]",gun_shot
[0.01695936 0.01470949 0.06608301 ... 0.08883381 0.1384588  0.14842744],jackhammer
"[ 0.00412659 -0.06284621 -0.09735665 ... -0.02321042 -0.01416907
 -0.03491785]",jackhammer
"[-0.07652658 -0.1782242  -0.25936997 ... -0.01770582  0.03419192
 -0.00603263]",jackhammer
"[-0.00888512 -0.01428266 -0.02502994 ... -0.18157618 -0.19641753
 -0.17333424]",jackhammer
[0.04365515 0.12051304 0.10835564 ... 0.06220536 0.09257035 0.1020987 ],jackhammer
"[-0.01703079  0.08009803  0.14786005 ...  0.2785537   0.2715219
  0.3540922 ]",jackhammer
"[-0.5110343  -0.8160681  -0.63443613 ...  0.03583599  0.04381865
  0.08631907]",jackhammer
"[ 0.09867544  0.17129737  0.12937964 ... -0.10808569 -0.0678782
 -0.05690768]",jackhammer
"[ 0.2850427   0.38055974  0.17971039 ... -0.2656526  -0.23152429
 -0.2800222 ]",jackhammer
"[-0.02476243 -0.06432214 -0.05380535 ... -0.1218456  -0.14384812
 -0.09400494]",jackhammer
"[-0.00943867 -0.09719291 -0.2375689  ... -0.06570788 -0.11055993
 -0.10149125]",jackhammer
"[ 0.05309276  0.05206161 -0.03793614 ... -0.00491262 -0.01096991
  0.01822329]",jackhammer
"[-0.00049367  0.0996836   0.10614728 ...  0.00202453  0.10677265
  0.09658813]",jackhammer
"[-0.04253982 -0.08143647  0.0404085  ... -0.07418761 -0.08073887
 -0.09558785]",jackhammer
"[-0.07334395 -0.13390967 -0.10931263 ...  0.02937268  0.19314282
  0.23033337]",jackhammer
"[-0.03114728 -0.1537748  -0.10326494 ...  0.20576607  0.14542395
  0.16387163]",jackhammer
"[ 0.00440618 -0.01428616  0.03438281 ... -0.00725769  0.03834617
  0.04537055]",jackhammer
"[ 0.00661824  0.02315634 -0.03649681 ... -0.16780679 -0.05307775
  0.04644865]",jackhammer
"[-0.05238978 -0.07484466  0.06088291 ...  0.0134204  -0.04457012
  0.02441626]",jackhammer
"[ 0.03884717 -0.00297226  0.14099735 ... -0.33909914 -0.35508227
 -0.40112963]",jackhammer
"[-0.01459328 -0.00365037  0.01554037 ...  0.1105747   0.09616058
  0.05383367]",jackhammer
"[ 0.01434752  0.00814948 -0.01545902 ...  0.1894679   0.12194093
  0.08537456]",jackhammer
"[ 0.08245907  0.0567106  -0.06052492 ... -0.11947681 -0.129705
 -0.2456576 ]",jackhammer
"[-0.11357135 -0.17313355 -0.06390503 ... -0.3276134  -0.20396022
 -0.11492214]",jackhammer
[0.08164577 0.15483673 0.15494925 ... 0.04798137 0.04174629 0.08245851],jackhammer
"[ 0.0037385  -0.0469575   0.00203538 ...  0.19035514  0.17251183
  0.08409131]",jackhammer
"[-0.14248766 -0.31463757 -0.29436728 ... -0.11549818 -0.15407807
 -0.15285888]",jackhammer
[0.04016344 0.09849803 0.13710931 ... 0.14736556 0.14499307 0.20845751],jackhammer
"[-0.01939673  0.05023612  0.18226767 ...  0.02798227  0.13564263
  0.33130056]",jackhammer
"[ 2.3531044e-10  2.2799427e-11  6.7339934e-10 ... -2.8164834e-03
 -5.9794341e-03 -9.8817088e-03]",drilling
"[-8.6120372e-06  9.5001778e-06 -6.0416187e-06 ...  1.7315820e-01
  1.2287747e-01  1.3901311e-01]",engine_idling
"[ 0.04348791  0.14746465  0.14573409 ... -0.1806169  -0.27507803
 -0.13982952]",engine_idling
"[ 0.10861512  0.2554034   0.3281449  ...  0.0096599  -0.01823501
 -0.01589414]",engine_idling
"[-0.00892148  0.05550544  0.14303482 ...  0.23614404  0.330955
  0.54416233]",engine_idling
"[ 8.5858257e-05 -2.0089410e-02 -4.4607308e-02 ... -2.8402680e-01
 -2.4479607e-01 -2.0765004e-01]",engine_idling
"[-0.12437815 -0.39535403 -0.47489685 ... -0.08003087 -0.09994744
 -0.18689783]",engine_idling
"[-0.04128865 -0.03698622  0.00973763 ... -0.06392451 -0.06545326
 -0.07304097]",engine_idling
"[-0.13984492 -0.24638955 -0.2074063  ... -0.02730945 -0.06179266
 -0.04045731]",engine_idling
"[-0.02423697 -0.06800516 -0.13103615 ... -0.4121892  -0.34610513
 -0.3036972 ]",engine_idling
"[-0.00489806 -0.01962007 -0.03029365 ... -0.03884795 -0.02988894
 -0.01131952]",engine_idling
"[ 0.02614689  0.05408176  0.04942624 ... -0.04332775 -0.01126363
  0.01829622]",engine_idling
"[-0.04364905 -0.07518205 -0.06788825 ... -0.05180917 -0.0494862
 -0.04702488]",children_playing
"[-0.10846415 -0.13403735 -0.03777319 ...  0.03719859  0.04287744
  0.07077509]",children_playing
"[ 0.1572633   0.13420053 -0.00873625 ...  0.05052569 -0.03733053
 -0.17754337]",children_playing
"[-0.02754792 -0.12256886 -0.15298335 ...  0.08737532  0.24053486
  0.336469  ]",children_playing
"[-0.02326427 -0.02989318  0.01761108 ...  0.03736863  0.1549166
  0.31337494]",children_playing
"[-0.02936567 -0.0304794   0.05054242 ... -0.1406276  -0.05703507
  0.04908229]",children_playing
[0.05663113 0.1285742  0.11552849 ... 0.05765668 0.12407526 0.05407669],children_playing
"[ 0.00039106  0.00122619  0.00089891 ... -0.00345119 -0.00234343
 -0.00165194]",dog_bark
"[ 0.07753047  0.10551828  0.08281922 ... -0.10896076 -0.00839822
  0.01549255]",street_music
"[-0.33230346 -0.47351173 -0.2674033  ...  0.1742687   0.18232255
  0.29837474]",street_music
[0.0494127  0.10042486 0.09672075 ... 0.22199407 0.16866858 0.16645482],street_music
"[-0.03569477 -0.16288933 -0.3502242  ... -0.06063857 -0.00796727
 -0.00476772]",street_music
"[-0.1045801  -0.15526372 -0.10893029 ...  0.08798803  0.11149465
  0.18968354]",street_music
"[-0.15316041 -0.20697334 -0.15263951 ... -0.18790965 -0.13618708
 -0.16924195]",street_music
"[-0.00190337 -0.00390102 -0.00421068 ... -0.06667256  0.02120968
  0.06546342]",car_horn
"[-0.03732053 -0.05571992 -0.03908858 ...  0.01529423 -0.02114193
 -0.0334299 ]",car_horn
"[ 0.0123931   0.01803662  0.01433495 ... -0.01162305  0.04579132
  0.08627239]",car_horn
[0.03034288 0.06454793 0.0682489  ... 0.07026906 0.06445232 0.0796036 ],dog_bark
"[-0.02338269 -0.0147606   0.0371685  ... -0.00541749 -0.08157792
 -0.11213537]",dog_bark
[0.09392438 0.25464976 0.25011283 ... 0.30062568 0.26236767 0.24442372],dog_bark
[0.08403128 0.12495073 0.14600916 ... 0.07851434 0.15731    0.19536999],dog_bark
[0.02856799 0.09592284 0.14783765 ... 0.28010496 0.2642294  0.04243205],car_horn
"[ 0.01568616  0.02833123  0.01421175 ... -0.02284491 -0.02302993
 -0.03300801]",dog_bark
"[ 0.00129554  0.00389614  0.01314034 ... -0.00286397 -0.01031363
 -0.01791623]",dog_bark
"[-0.01129052 -0.0120855  -0.0098252  ...  0.01669188  0.01707935
  0.01374901]",dog_bark
"[-0.00684039 -0.01013789 -0.00480672 ... -0.03426686 -0.02924429
 -0.02527183]",dog_bark
"[ 0.00470022 -0.00623007  0.10873903 ... -0.25466922 -0.358021
 -0.2584973 ]",air_conditioner
"[-0.2102825  -0.13583544  0.05677903 ...  0.00781423 -0.01605153
 -0.01154251]",air_conditioner
"[-0.11050484 -0.09195302 -0.00842669 ... -0.13847233  0.22619852
  0.1503023 ]",air_conditioner
"[-0.15665601  0.0373749   0.1566051  ...  0.08180159  0.12422697
  0.10872134]",air_conditioner
"[ 0.0147315   0.01773676  0.01778721 ...  0.00331365 -0.09736079
 -0.2937386 ]",air_conditioner
[0.07384956 0.09776873 0.14948057 ... 0.37117237 0.2912365  0.1478553 ],air_conditioner
"[-0.04212779 -0.07758398 -0.11302529 ... -0.25819302  0.08466185
  0.39275858]",air_conditioner
[0.1078348  0.20092815 0.20165269 ... 0.58176357 0.43483895 0.3602453 ],air_conditioner
"[-0.09994241 -0.18461229 -0.15139279 ... -0.1090197  -0.56302637
 -0.06492025]",air_conditioner
"[-0.07189661  0.12182881 -0.09739389 ... -0.18574284 -0.29741812
 -0.26776326]",air_conditioner
"[ 0.05536367  0.22911541  0.09282856 ... -0.41604397  0.29256922
  0.14886108]",air_conditioner
"[-0.00600332  0.08886882 -0.01230176 ...  0.06887777  0.33024633
  0.5345978 ]",air_conditioner
"[ 0.15239052  0.11029506 -0.11626524 ...  0.01721205 -0.13193314
 -0.1939324 ]",air_conditioner
"[ 0.39907005  0.2944532   0.06544076 ... -0.20110704 -0.14672835
 -0.16672409]",air_conditioner
"[-0.08506556 -0.21620885 -0.2853541  ... -0.18351796 -0.10637864
 -0.4680635 ]",air_conditioner
"[-0.0012954   0.07875819  0.07662355 ...  0.02662887  0.11630981
  0.15105048]",air_conditioner
"[-0.1491155  -0.17335738 -0.12704772 ... -0.1759094   0.10021851
  0.04654399]",air_conditioner
"[-0.08928332  0.01011549  0.01696305 ... -0.25355855 -0.16724832
 -0.18446174]",air_conditioner
"[-0.0632116  -0.06891403 -0.13637118 ...  0.12209623  0.05653144
  0.0379067 ]",air_conditioner
"[-0.43191406 -0.53256744 -0.33118466 ...  0.02678524 -0.09558312
 -0.3906047 ]",air_conditioner
"[ 0.08670525  0.01730074 -0.26919693 ...  0.10625238  0.2597856
  0.20277439]",air_conditioner
"[-0.16279203 -0.32285058 -0.33156905 ...  0.1654606   0.15127398
  0.13899119]",air_conditioner
"[ 0.02597629 -0.07553487 -0.10776943 ... -0.27841502 -0.28097096
 -0.31285885]",air_conditioner
"[-0.06144541 -0.09036624  0.01678944 ...  0.10431299  0.42007172
  0.34119126]",air_conditioner
[0.23280425 0.28363726 0.2224598  ... 0.0505705  0.07749972 0.08460349],engine_idling
[0.25972542 0.3996078  0.31646755 ... 0.2082751  0.19862244 0.22546636],engine_idling
[0.39285663 0.6545121  0.56142896 ... 0.33731708 0.28291592 0.2828907 ],engine_idling
[0.05452913 0.05822314 0.01606759 ... 0.03634976 0.03520909 0.05974562],engine_idling
"[ 0.11773672  0.19609685  0.17484595 ... -0.22262622 -0.08274265
 -0.07478406]",engine_idling
[0.00643435 0.01332627 0.01320145 ... 0.06499732 0.04157858 0.04035829],engine_idling
"[ 0.00033426 -0.00573893  0.00792954 ... -0.0859307  -0.0591596
 -0.04325441]",engine_idling
"[ 0.1126406   0.14246926 -0.00124713 ...  0.16901062  0.04261952
  0.10877786]",engine_idling
[0.04735013 0.0629789  0.0370854  ... 0.5192013  0.46679008 0.5179424 ],engine_idling
[0.18089603 0.33276862 0.34953564 ... 0.22956505 0.25576466 0.35785708],engine_idling
"[ 0.34720498  0.58746296  0.5241048  ... -0.06516651 -0.04983296
 -0.02867455]",engine_idling
[0.25656185 0.43756032 0.37585038 ... 0.5603148  0.5558189  0.64670956],engine_idling
"[-0.00325751  0.00911182  0.02315751 ...  0.0668163   0.06240144
  0.06528839]",engine_idling
[0.3844273  0.65217555 0.5501356  ... 0.28943372 0.24051553 0.22013396],engine_idling
[0.02526789 0.06187662 0.07102021 ... 0.6203899  0.5735204  0.6291143 ],engine_idling
[0.09047657 0.11201937 0.04605963 ... 0.26403552 0.18787088 0.13719818],engine_idling
"[-0.14388707 -0.13840337  0.02296105 ...  0.14481644  0.11453879
  0.08063716]",dog_bark
"[ 0.03101831  0.07425495  0.10068004 ... -0.5507525  -0.428996
 -0.29453066]",dog_bark
"[ 0.04671947  0.05590202  0.01287509 ...  0.08725972  0.01927234
 -0.04676834]",dog_bark
"[-0.05174241  0.0588661   0.24904376 ... -0.06183628 -0.06776961
 -0.07286104]",dog_bark
[0.0247472  0.19608359 0.43324897 ... 0.20370497 0.35540426 0.5616931 ],children_playing
"[ 0.05269391  0.20115283  0.20663525 ... -0.12874411 -0.03357036
  0.14215484]",children_playing
"[-0.01316164 -0.06822341 -0.08902033 ... -0.16561157 -0.01373936
  0.09509271]",children_playing
"[-0.02297094 -0.09976236 -0.18916129 ...  0.02336025  0.12336671
  0.16546842]",children_playing
"[ 0.04824826  0.0576736  -0.02099106 ...  0.00187222 -0.10855763
 -0.09021023]",children_playing
"[ 0.08309242  0.0455974  -0.10223646 ... -0.07460554 -0.00600788
  0.1272832 ]",children_playing
"[ 0.02121661  0.066106    0.07151232 ... -0.02189793  0.09645119
  0.0251886 ]",children_playing
"[-0.14430624 -0.21081379 -0.11908166 ...  0.01968696  0.01687139
 -0.09243801]",children_playing
"[-0.01136294 -0.03426869 -0.04610006 ... -0.1898046  -0.08023754
 -0.01878607]",car_horn
"[ 0.03142458  0.03504438  0.01440496 ... -0.00688813 -0.01579311
 -0.01820499]",car_horn
"[-0.07845782 -0.15618137 -0.06289488 ...  0.3102051   0.06726442
 -0.00902945]",street_music
"[ 0.15445851  0.27937633  0.19238734 ...  0.0923483  -0.02910173
 -0.1195433 ]",street_music
"[-0.04632135 -0.08219618 -0.10962535 ... -0.06842498 -0.09963258
 -0.1291006 ]",street_music
"[-0.18612391 -0.38052848 -0.42476156 ... -0.19257422 -0.2109084
 -0.24787317]",street_music
[0.19351937 0.18053512 0.05143668 ... 0.11001743 0.10366971 0.12437443],street_music
[0.07006551 0.08814853 0.08429498 ... 0.03857114 0.06390298 0.07007858],street_music
"[ 5.0158724e-05  1.5898640e-04  2.6034878e-04 ... -4.4943675e-04
 -3.6432370e-04 -3.3690347e-04]",gun_shot
"[-3.0782347e-05 -1.3161114e-04 -6.3904874e-05 ...  1.9708784e-01
  1.3322726e-01 -1.2253276e-01]",street_music
"[-0.03652263 -0.14989942 -0.17577365 ...  0.13164231  0.14503267
  0.25384197]",street_music
"[ 0.00699925 -0.02378756 -0.09330888 ...  0.04858988  0.04419617
  0.00583897]",street_music
"[ 0.01610635  0.01372243  0.12807365 ...  0.14298472  0.01937282
 -0.25062916]",street_music
"[-0.0325706  -0.0357587   0.00869099 ... -0.01051916 -0.0424319
 -0.06680521]",street_music
[0.16342086 0.27173427 0.23691091 ... 0.50118876 0.380621   0.42257163],street_music
"[-0.00383432 -0.00816642 -0.00835705 ... -0.05434201 -0.2100319
 -0.43267754]",siren
"[ 0.02507941 -0.03842192 -0.15331982 ... -0.14431322 -0.01629617
  0.2490427 ]",siren
"[-0.30204403 -0.43433303 -0.15286006 ... -0.15809645  0.09349759
  0.36701277]",siren
"[ 0.2374348   0.45714676  0.27213526 ... -0.23968294 -0.11382893
  0.05943673]",siren
"[-0.04019084  0.04453042  0.1849254  ...  0.15555766  0.21257879
  0.14827304]",siren
"[-0.57168585 -0.9202129  -0.68798685 ... -0.05814381 -0.04057525
 -0.02554194]",dog_bark
[0.01060603 0.01207779 0.0021148  ... 0.11946666 0.09310722 0.11561736],dog_bark
"[ 0.07167925  0.0724822  -0.00998033 ... -0.22755975 -0.18439385
 -0.15896331]",dog_bark
"[-0.1969843  -0.33159873 -0.28129247 ...  0.2051105   0.1783947
  0.16077706]",dog_bark
"[-0.0170421  -0.01657365 -0.01520862 ... -0.03950168 -0.01557071
 -0.00328635]",street_music
[0.19924894 0.29825813 0.16303894 ... 0.49689725 0.41819683 0.2566758 ],street_music
"[-0.0328727  -0.00811763  0.02874346 ... -0.28540975 -0.2676751
 -0.2637009 ]",street_music
[0.1293175  0.21749555 0.15129192 ... 0.17841157 0.15603143 0.15872385],street_music
"[-0.25840986 -0.45131657 -0.4111437  ...  0.05429927  0.05459093
  0.10308117]",street_music
"[-0.04051412 -0.07056458 -0.05980309 ... -0.04224238 -0.07134219
 -0.13433625]",street_music
"[-0.03449292 -0.05792626 -0.06229449 ... -0.35711265 -0.37699634
 -0.47136968]",street_music
"[ 0.10694063  0.19879372  0.2118609  ... -0.22916582 -0.15533811
 -0.13513528]",street_music
"[-0.40506357 -0.61637694 -0.4443484  ... -0.22488096 -0.24460168
 -0.2360959 ]",street_music
"[ 0.06443141  0.1498114   0.18772347 ... -0.01972718 -0.02059868
 -0.03503526]",street_music
"[-0.09280256 -0.06735034  0.07017937 ... -0.07124276 -0.03602282
 -0.00415222]",street_music
"[-0.37714234 -0.5939607  -0.46320078 ...  0.09305347  0.08331462
  0.07241965]",street_music
"[-2.7874392e-10 -9.4282593e-10 -9.0516283e-10 ... -8.9919001e-02
  9.6744567e-02  4.8450544e-02]",drilling
"[ 0.08499408  0.09520472  0.16610725 ... -0.12826604  0.06155761
 -0.01794668]",drilling
"[ 0.00339394  0.11829431  0.11857225 ... -0.02579099  0.00278039
  0.0093708 ]",drilling
"[ 2.7102567e-04 -1.4237647e-03  7.0585584e-04 ... -1.9497438e-01
  1.4021304e-01  4.2096022e-01]",car_horn
"[-0.01646251  0.01070177  0.03795289 ... -0.03383869 -0.12004741
 -0.11789227]",car_horn
[0.01942974 0.07786155 0.12117471 ... 0.3163209  0.44346428 0.        ],car_horn
"[ 0.02969818  0.02352932 -0.01347997 ...  0.1386487   0.5497932
  0.70831585]",car_horn
"[-0.00550149 -0.00676215  0.02587088 ... -0.6794913  -0.6575265
 -0.30783048]",car_horn
"[-0.21812479 -0.36859447 -0.25233397 ...  0.4240914   0.01848584
 -0.35702685]",car_horn
"[-0.06260949 -0.16879924 -0.01421549 ...  0.16281994 -0.09794961
 -0.40193406]",car_horn
[0.00950262 0.07479735 0.11399038 ... 0.42974308 0.40633905 0.4581221 ],children_playing
"[ 0.02930934  0.03459575  0.02851832 ... -0.02971369 -0.02352264
 -0.02660088]",children_playing
[0.12750238 0.18481    0.14574456 ... 0.34150523 0.35644868 0.30040553],children_playing
"[-0.02564367  0.0234992   0.08882126 ... -0.05030454 -0.03877173
 -0.02114739]",children_playing
"[-0.00099893 -0.02518766 -0.02938646 ...  0.14937714  0.05203622
  0.03941448]",children_playing
"[-0.06233748  0.05227313  0.11868024 ... -0.17691322 -0.13560314
 -0.21408004]",children_playing
"[-0.02621881 -0.09049907 -0.07651943 ... -0.08897125  0.00936001
 -0.00868976]",children_playing
"[ 0.01093711  0.01292773  0.00680992 ... -0.12246438 -0.33093503
  0.14361605]",children_playing
"[ 0.0333367  -0.0521749  -0.0201277  ... -0.2551088  -0.22266653
 -0.19413875]",street_music
"[-0.09837951 -0.11470836 -0.12554987 ...  0.34154844  0.32846293
  0.33369845]",street_music
"[-0.05040548 -0.01839755  0.05201304 ...  0.17607531  0.00099068
 -0.17085126]",street_music
"[ 0.25560993  0.4782635   0.5170423  ...  0.00463121 -0.05965861
 -0.08183841]",street_music
"[-0.16842295 -0.29665506 -0.20511293 ...  0.00953634  0.02058673
  0.03415424]",street_music
"[-0.05859658 -0.09675469 -0.08234608 ...  0.07473001  0.07279944
  0.08074071]",street_music
"[ 0.00756095 -0.04383373 -0.0372046  ... -0.04587472 -0.04037233
 -0.07471249]",street_music
"[ 0.02710176  0.01860821  0.00398945 ... -0.19041832 -0.1215934
 -0.12209795]",street_music
"[ 0.12080572  0.20604154  0.2165657  ... -0.16959533 -0.15176548
 -0.14221665]",street_music
[0.13628191 0.23237059 0.2049843  ... 0.00418363 0.00744134 0.0089198 ],street_music
"[-0.22046585 -0.36657906 -0.32467678 ... -0.03246054 -0.0335487
 -0.04063632]",street_music
"[ 0.0724485   0.07565104  0.01453337 ... -0.04256716 -0.02331693
 -0.07359361]",jackhammer
"[-0.00140089 -0.05669786  0.08462038 ... -0.22012807 -0.02748444
  0.15254144]",jackhammer
"[-0.05749707 -0.17692876 -0.06593841 ... -0.02370074  0.09461384
 -0.0898601 ]",jackhammer
"[-0.00820612  0.02175114 -0.01606151 ...  0.13418257 -0.05350759
 -0.1284869 ]",jackhammer
"[ 0.05012537  0.06241954  0.01073159 ...  0.05660461 -0.10053891
  0.16601935]",jackhammer
"[ 0.0109664   0.03932616 -0.06422129 ...  0.0350238   0.02443654
 -0.18779877]",jackhammer
"[ 0.08898953  0.01612457 -0.01558809 ... -0.05381472  0.20733143
  0.13431136]",jackhammer
"[-0.00966632  0.02410962  0.02909523 ...  0.12466634  0.11231349
 -0.0329022 ]",jackhammer
"[ 0.01018884  0.05236314  0.09462225 ... -0.02164818  0.01586727
 -0.00111357]",jackhammer
"[-0.02722045 -0.0102641  -0.03006463 ...  0.04976696  0.0255588
 -0.06746741]",jackhammer
"[-0.00328388  0.1101574   0.01307573 ...  0.064225    0.07539236
  0.2763566 ]",jackhammer
"[ 0.0699446   0.13116407  0.12820067 ...  0.01095418 -0.11382531
  0.02523434]",jackhammer
"[-0.02225771 -0.03211699 -0.09440295 ... -0.05946755 -0.16283582
  0.13033818]",jackhammer
"[ 0.02722294  0.05312128  0.03880134 ... -0.33825976 -0.30890507
 -0.33015844]",engine_idling
"[-0.2364593  -0.42112762 -0.3990464  ...  0.17596903  0.15965055
  0.16607758]",engine_idling
"[ 0.0029296   0.01289738 -0.00620518 ...  0.03483834  0.02986199
  0.02406473]",engine_idling
"[ 0.13066688  0.19399433  0.16896936 ... -0.6348076  -0.6523671
 -0.61098075]",engine_idling
"[-0.06000483 -0.06239538 -0.00706822 ... -0.09459805 -0.09383737
 -0.10129937]",dog_bark
"[-0.05497113 -0.08535112 -0.07260727 ... -0.02590979 -0.00223177
 -0.01004564]",dog_bark
"[ 0.01836903  0.04486781  0.0574064  ... -0.03407642 -0.03574326
 -0.02588955]",dog_bark
"[-0.08590352 -0.07068716 -0.05270773 ... -0.03397585 -0.2089892
 -0.29353398]",engine_idling
"[-0.06773452 -0.08679574 -0.03522971 ... -0.30027333 -0.30681953
 -0.23993215]",engine_idling
[0.03967596 0.06921109 0.01883002 ... 0.14345731 0.13803594 0.0484858 ],engine_idling
"[ 0.0229791   0.04418673  0.03617749 ...  0.01263222 -0.03285959
  0.06510498]",engine_idling
"[-0.00992677 -0.06945956 -0.02885271 ... -0.04865246  0.04451853
 -0.0142762 ]",engine_idling
"[-0.02731176  0.06563825  0.21443573 ... -0.17422982  0.02255371
  0.13351123]",engine_idling
"[-0.12649114 -0.2676256  -0.29894164 ...  0.01575817 -0.12428857
 -0.13061646]",engine_idling
"[-0.11116322 -0.29437926 -0.06830546 ... -0.13124955 -0.07873305
  0.06635317]",engine_idling
"[-0.05852175 -0.04488018  0.20390464 ...  0.06442975  0.09630159
 -0.1712073 ]",engine_idling
"[ 0.20580658  0.25429416  0.09684597 ... -0.23589438 -0.3328797
 -0.24879652]",engine_idling
"[-0.14528692 -0.21645054 -0.3054652  ...  0.04451016  0.0456983
  0.09274722]",engine_idling
"[-0.15911539 -0.19178215 -0.02616805 ... -0.01179439 -0.10389952
 -0.24959786]",engine_idling
"[-0.17327869 -0.18673302 -0.08676994 ...  0.04095335  0.00534114
 -0.04855473]",engine_idling
"[-0.00132577 -0.02610024 -0.16278936 ... -0.2907264  -0.23914903
 -0.3050766 ]",engine_idling
"[ 0.04404609 -0.04129461 -0.224397   ...  0.07781246 -0.08979376
 -0.31494525]",engine_idling
"[ 0.02475773  0.05138394  0.20421639 ... -0.03512703  0.08550599
  0.03105963]",engine_idling
"[-0.13674936 -0.1437098  -0.03979633 ...  0.0387284  -0.11026578
 -0.18552689]",engine_idling
"[ 0.05417163  0.0628307   0.03797958 ... -0.0330146  -0.17448725
 -0.12279439]",engine_idling
"[-0.02404152 -0.01604154 -0.0435609  ...  0.17676777  0.09074242
  0.00472325]",engine_idling
"[-0.06334332 -0.10320897 -0.01252991 ... -0.19401282 -0.19321069
 -0.21996018]",engine_idling
"[-0.07429644 -0.16616046 -0.16833948 ...  0.16325924  0.15962967
  0.0429441 ]",engine_idling
"[-0.07461396 -0.11216658 -0.10115759 ...  0.00717472 -0.01612334
 -0.00905675]",engine_idling
"[-0.01112719 -0.01904836 -0.02276788 ...  0.02372514  0.01822544
  0.02078443]",children_playing
"[-0.00343907 -0.00613841 -0.00585224 ...  0.00346211 -0.00079451
 -0.02002037]",children_playing
"[ 0.00579288  0.0090804   0.00692164 ...  0.02294513  0.01369112
 -0.03461846]",children_playing
"[-0.00046685  0.00029886  0.00417875 ... -0.11314739 -0.14028351
 -0.18960439]",dog_bark
[0.10246849 0.16668762 0.1227065  ... 0.03310068 0.01853452 0.05194309],dog_bark
"[-0.21948132 -0.41233784 -0.32973868 ...  0.00330082  0.00957667
  0.01794297]",dog_bark
"[ 1.6009977e-08 -3.8903631e-09  5.3371618e-09 ... -6.9927983e-03
 -1.0241724e-01 -9.0688825e-02]",car_horn
[0.151862   0.1921403  0.05308141 ... 0.34626508 0.4116703  0.56808144],car_horn
[0.0481636  0.1355184  0.23429748 ... 0.11020534 0.08808995 0.06768316],car_horn
"[ 0.08274119  0.24013658  0.42178917 ...  0.0730692  -0.01965798
 -0.12230528]",car_horn
"[ 0.04801676  0.06724533  0.04380943 ... -0.22140548 -0.18036598
 -0.1598524 ]",car_horn
"[-0.08587838 -0.10540533 -0.03295602 ... -0.09808565 -0.2854454
 -0.58534783]",car_horn
"[-0.083571   -0.10111692 -0.10653821 ... -0.20517223 -0.33837003
 -0.5927516 ]",car_horn
"[-0.48380476 -0.7852039  -0.5427568  ... -0.62870836 -0.6012042
 -0.62209386]",car_horn
"[-0.42253208 -0.6191353  -0.33397993 ... -0.03785125 -0.06535008
 -0.02882167]",car_horn
"[-0.3558417  -0.5451319  -0.39793822 ... -0.2943599  -0.18817781
  0.18862511]",car_horn
"[ 0.03007638  0.01165642 -0.0947541  ... -0.12331065 -0.20457327
 -0.32207   ]",car_horn
"[-0.01811177 -0.04866075 -0.10140687 ...  0.19504051  0.13456784
  0.15409024]",car_horn
[0.32523733 0.54492074 0.41738686 ... 0.48586142 0.5527161  0.61447126],car_horn
"[ 0.11362249  0.20182936  0.1424123  ... -0.08127091 -0.04326613
  0.02334973]",car_horn
"[ 0.30050275  0.40816942  0.169098   ...  0.08319347 -0.0198727
 -0.2112661 ]",car_horn
"[ 0.02156653  0.03685642  0.03953186 ... -0.0224511  -0.11761283
 -0.27640373]",car_horn
"[-0.17661563 -0.26192665 -0.10613827 ... -0.30667084 -0.2933245
 -0.28205797]",car_horn
"[-0.1845254  -0.1228299   0.208781   ... -0.41431585 -0.24956068
 -0.06911606]",car_horn
"[-0.1508593  -0.18746217 -0.04922003 ... -0.10706257  0.05132169
  0.11773086]",car_horn
"[-7.1784575e-04 -9.8613056e-04 -9.6857009e-05 ... -3.4306927e-03
 -4.0862416e-03 -5.9039840e-03]",dog_bark
[0.00199964 0.00452719 0.00321696 ... 0.00550517 0.00410806 0.00022004],dog_bark
"[ 0.00028392  0.00028214 -0.00074361 ...  0.00225232  0.00177688
  0.00113599]",dog_bark
"[-0.00855953 -0.01741952 -0.00982729 ... -0.01442912 -0.03461873
 -0.05412123]",dog_bark
"[ 4.0597619e-11  2.2868649e-10  2.4052609e-12 ... -2.4333579e-04
 -1.0126793e-03 -5.3805724e-04]",dog_bark
"[-5.0174334e-05  4.3207206e-04  1.3831417e-03 ...  3.8209319e-04
  1.5865517e-04  2.7160259e-04]",dog_bark
"[-0.00023409 -0.00059173 -0.00062922 ... -0.00314346 -0.00508581
 -0.00821661]",dog_bark
"[ 0.08777479  0.14317207  0.10088343 ...  0.01823035  0.00510018
 -0.0024777 ]",dog_bark
[0.15819559 0.24016254 0.17352968 ... 0.11890996 0.08613214 0.05271219],dog_bark
"[ 0.00165924 -0.02463621 -0.0814179  ... -0.02491131  0.02613509
  0.06031919]",dog_bark
"[-0.02869265 -0.03365904 -0.01576873 ... -0.00072697 -0.00999067
 -0.01264979]",dog_bark
"[ 5.5269143e-06 -5.7773570e-05 -1.2243104e-04 ...  3.0787385e-01
  3.5345125e-01  3.5539910e-01]",siren
"[-0.12793534 -0.23665993 -0.18418501 ...  0.2108353  -0.01821194
 -0.31490928]",siren
"[-0.0553587  -0.13005099 -0.12667151 ...  0.05273961  0.03531738
 -0.0079511 ]",siren
"[-0.14763862  0.00475774  0.3609587  ...  0.40647984  0.55143785
  0.6387209 ]",siren
"[-0.03926473 -0.08658491 -0.07237197 ...  0.12383159  0.0395504
 -0.09640656]",siren
[0.36863977 0.51245457 0.22586583 ... 0.22891133 0.21521759 0.23909025],siren
"[-0.11572462 -0.21846835 -0.21651922 ... -0.21720251 -0.21003178
 -0.15465574]",siren
[0.15438205 0.26244164 0.24516577 ... 0.517939   0.5779751  0.6337767 ],siren
"[-0.00452419  0.13516998  0.31357372 ...  0.22833613  0.24967462
  0.25895166]",siren
"[ 0.37175527  0.47738075  0.1554602  ... -0.00937344  0.04296724
  0.102897  ]",siren
[0.1343086  0.21267487 0.18010218 ... 0.33644804 0.20060182 0.03051299],siren
"[ 0.05039316  0.04175895 -0.0351531  ... -0.00650502  0.09972212
  0.19223224]",siren
"[ 0.08412751  0.07737032 -0.02470374 ... -0.01198704  0.0219603
  0.07722043]",siren
"[-0.05697203 -0.12643543 -0.13775298 ...  0.28543642  0.15092444
  0.0372875 ]",siren
[0.1345043  0.23815484 0.19783711 ... 0.39995214 0.38185856 0.42977354],siren
"[-0.03043208 -0.07228763 -0.03067795 ...  0.11440828  0.21167725
  0.31242037]",siren
[0.25214937 0.3457771  0.26615    ... 0.4094699  0.40234038 0.4727444 ],siren
[0.20984001 0.2582204  0.06367049 ... 0.17230722 0.10920743 0.08437895],siren
[0.330746   0.5999037  0.60370916 ... 0.35894606 0.36581084 0.36841077],siren
"[ 0.05482949  0.02304154 -0.02222946 ... -0.204484   -0.30326912
 -0.40449578]",siren
"[ 0.2227678   0.24147257  0.02894411 ... -0.01737689  0.02297506
  0.05225692]",siren
"[-0.20697066 -0.26592782 -0.0434337  ...  0.27380595  0.39975965
  0.49794328]",siren
[0.03519595 0.06207507 0.0449097  ... 0.0747956  0.091295   0.17388742],siren
"[-0.45843416 -0.8434645  -0.6894806  ... -0.14538486 -0.19135627
 -0.17611317]",siren
"[ 0.2126588   0.30728096  0.16246073 ... -0.24305816 -0.20883381
 -0.08309485]",siren
[0.06911717 0.12148812 0.12392646 ... 0.18055914 0.1225674  0.04220485],siren
[0.0387757  0.17682923 0.32434794 ... 0.13673817 0.15913698 0.21302663],siren
"[-0.00650826 -0.01064133 -0.0095243  ... -0.07447896  0.01637694
  0.10467044]",siren
[0.10942366 0.14424543 0.06380312 ... 0.2710714  0.17702374 0.02728721],siren
"[ 0.11616306  0.19699785  0.12469351 ... -0.07608887 -0.02697863
  0.07077044]",siren
"[-0.07978833 -0.23697773 -0.33469266 ... -0.12327619 -0.12231752
 -0.16490123]",siren
"[ 0.08530162  0.20052068  0.21223207 ... -0.17808612 -0.09640383
  0.0862501 ]",siren
"[-0.06295941 -0.09243963 -0.04281172 ... -0.10604143 -0.05473123
  0.07778896]",siren
"[ 0.1169444   0.2506466   0.271567   ... -0.21406676 -0.39638647
 -0.51501524]",siren
"[ 0.09584615  0.12470303  0.02046979 ...  0.16884834 -0.01056068
 -0.26663253]",siren
"[ 0.13290164  0.2919464   0.2957006  ... -0.09036778 -0.08024687
  0.00554599]",siren
"[-0.21427886 -0.19096664  0.12228914 ...  0.0970924  -0.03682972
 -0.217698  ]",siren
"[ 0.05406468  0.10537981  0.07624776 ... -0.32111034 -0.3201933
 -0.27481863]",siren
"[-0.16949935 -0.27480248 -0.19522713 ... -0.33260807  0.05271148
  0.554328  ]",siren
"[-0.07815608 -0.04123308  0.08296526 ...  0.02040141  0.04198416
  0.07910509]",siren
"[ 0.4778148   0.8740266   0.75651413 ...  0.01645348  0.01284546
 -0.02295683]",siren
"[ 0.24518153  0.38614747  0.23129785 ... -0.18259478 -0.19679031
 -0.1780951 ]",siren
"[-0.11847656 -0.19271559 -0.11019555 ... -0.03676393 -0.00919405
  0.05942861]",siren
"[-0.09350421 -0.14254084 -0.11848908 ... -0.21435872 -0.2990235
 -0.45848277]",siren
"[ 0.0603464   0.13037148  0.12741315 ... -0.25043073 -0.23298678
 -0.20140085]",siren
"[-0.04061333  0.05066138  0.18228403 ...  0.1698322   0.02129418
 -0.1354596 ]",siren
"[-0.21137697 -0.32206583 -0.24232648 ...  0.03967642  0.06460854
  0.084631  ]",siren
"[-0.08830922 -0.15340617 -0.14998847 ...  0.2609969   0.18595396
  0.18400747]",siren
"[ 0.04890988  0.01623408 -0.16344018 ...  0.02540994 -0.01442719
 -0.03688915]",siren
"[ 0.15341453  0.21755871  0.19237253 ... -0.3913069  -0.4066178
 -0.46761048]",siren
"[-0.04371475 -0.13177592 -0.17718525 ... -0.08974466 -0.08249827
 -0.10582845]",siren
"[-0.25948995 -0.4953754  -0.4489786  ... -0.07409789 -0.05244378
 -0.00197017]",siren
"[-0.11007656 -0.19575648 -0.181116   ...  0.19846793  0.1512689
  0.10817077]",siren
"[ 0.01287752  0.02681625  0.03676143 ...  0.05527163  0.02787199
 -0.00206981]",siren
"[ 0.03822269  0.02843146 -0.00663243 ... -0.14635426 -0.17002243
 -0.15527461]",siren
"[-0.14749604 -0.01110722  0.097222   ...  0.16364594  0.0557409
 -0.15007526]",drilling
"[ 0.00606877 -0.19479139  0.06533571 ...  0.19206783  0.2964378
 -0.0636343 ]",drilling
"[ 0.30973387  0.1363098  -0.09081027 ...  0.15318261  0.12981638
 -0.14702961]",drilling
"[-0.07648426 -0.20793869  0.06034536 ... -0.09150971 -0.05093025
 -0.11731731]",drilling
"[-0.14942841 -0.18269531  0.12707694 ... -0.318853    0.1718821
  0.16875102]",drilling
"[-0.10907749 -0.01326117  0.15275002 ... -0.11750101 -0.03094555
 -0.10300305]",drilling
"[-0.12943417  0.15533443  0.19480135 ...  0.26232475 -0.04083745
  0.01339262]",drilling
"[ 0.12744986  0.11007066  0.11828894 ...  0.08500621  0.17419352
 -0.02692706]",drilling
"[ 0.01512959  0.3171388   0.20855948 ... -0.01374399  0.01390942
  0.11266331]",drilling
"[ 0.03111321  0.04087666 -0.10830991 ...  0.02236254 -0.07850312
  0.04385711]",drilling
"[ 0.1705952   0.04743717  0.23073266 ... -0.3112724  -0.18209377
 -0.04755417]",drilling
"[-0.03663642  0.11805405  0.04957614 ... -0.17863198 -0.3573358
 -0.17436878]",drilling
"[ 0.08338404 -0.37618375 -0.21250248 ... -0.0454553  -0.03148886
  0.1629263 ]",drilling
"[-0.06250905 -0.1303729  -0.01078538 ... -0.08776958  0.03606598
  0.10136623]",drilling
"[ 0.07984702  0.02440377  0.02246142 ... -0.24084018 -0.38984028
 -0.07847885]",drilling
"[-0.00664402 -0.00952571 -0.01151204 ... -0.1753409  -0.17005503
 -0.03929087]",air_conditioner
[0.0412006  0.06252465 0.07344617 ... 0.0407881  0.12107524 0.07437308],air_conditioner
"[-0.23542295 -0.403207   -0.30621457 ...  0.09502663  0.09486329
  0.05587297]",air_conditioner
"[-0.1474101  -0.2169716  -0.11533086 ... -0.12616177 -0.11198868
 -0.08895695]",air_conditioner
[0.00142908 0.00057434 0.0099834  ... 0.02350262 0.036694   0.07431341],air_conditioner
"[-0.00303515 -0.00802259 -0.01706645 ... -0.3329019  -0.28417194
 -0.39533162]",air_conditioner
"[-0.00589281 -0.03235101 -0.04594682 ...  0.07373832  0.14486341
  0.08322554]",air_conditioner
[0.07255505 0.21779059 0.06088047 ... 0.02114866 0.04816097 0.04368627],air_conditioner
"[ 0.03059828  0.02786424  0.02331083 ... -0.26583758 -0.28027835
 -0.26823944]",air_conditioner
"[ 0.00312343 -0.02897158 -0.10447736 ...  0.16889201  0.14064354
  0.14733724]",air_conditioner
"[-0.11990206 -0.15324458 -0.11109734 ... -0.16583422 -0.11816555
 -0.21721585]",air_conditioner
[0.08369568 0.14444484 0.11571306 ... 0.07094157 0.06843819 0.04852291],air_conditioner
"[-0.09504388 -0.12942752 -0.1028547  ... -0.5088496  -0.44605148
 -0.5515483 ]",air_conditioner
"[ 0.01716141  0.00308819 -0.01955324 ... -0.2748069  -0.2936782
 -0.26899618]",air_conditioner
"[ 0.02390568  0.06210975 -0.10169269 ... -0.12582451 -0.17298853
 -0.17816141]",jackhammer
"[-0.14320709 -0.26479548 -0.22808462 ...  0.05858551  0.03003368
  0.02380328]",jackhammer
"[-0.20301344 -0.36314747 -0.28825384 ...  0.16651076  0.17775495
  0.1599454 ]",jackhammer
[0.13981523 0.16143799 0.12559463 ... 0.28190905 0.10067637 0.20275284],jackhammer
"[-0.10618722 -0.16511723 -0.15676251 ... -0.19419287 -0.02594504
 -0.19237   ]",jackhammer
"[ 0.20125797  0.34635842  0.1290829  ... -0.15698707 -0.06664299
 -0.11907814]",jackhammer
"[-0.06200032 -0.08637209 -0.07050955 ...  0.08565979  0.09518104
  0.21527478]",jackhammer
"[ 0.00720908 -0.02424287 -0.11697521 ...  0.18951042  0.16870369
  0.18491815]",jackhammer
"[ 0.21326593  0.32747346  0.20346715 ... -0.05810788 -0.02644162
  0.0087972 ]",jackhammer
"[-4.2884616e-04 -6.5940665e-05  7.8649807e-04 ...  1.7272108e-04
  6.3700463e-05  1.7740051e-04]",dog_bark
"[-0.00529276 -0.01197188 -0.01689373 ... -0.00360154 -0.00376589
 -0.00372904]",dog_bark
"[ 0.019078    0.02540586  0.01532308 ...  0.00429032  0.06096582
 -0.06334955]",car_horn
"[ 0.00886128 -0.073341   -0.14997554 ...  0.06316502 -0.04158089
 -0.02467413]",dog_bark
"[ 0.00718542 -0.00268977 -0.02601534 ... -0.05237156 -0.01152128
  0.02527878]",dog_bark
"[-0.00245414  0.01052204  0.01352329 ... -0.01293158 -0.06265215
  0.0029297 ]",dog_bark
"[ 0.01242791  0.05699873  0.05164161 ... -0.00032027  0.03137208
  0.105557  ]",dog_bark
[0.01353682 0.02184772 0.01899107 ... 0.03423247 0.0348944  0.0344824 ],gun_shot
[0.015055   0.0243804  0.02034997 ... 0.02488341 0.02346935 0.02331301],gun_shot
[0.01428715 0.02342466 0.01979777 ... 0.02742367 0.02791414 0.02821161],gun_shot
"[ 0.01336358  0.02209312  0.01946266 ... -0.02582377  0.00700586
  0.04559281]",gun_shot
[0.01326021 0.02244098 0.02053666 ... 0.01691264 0.01447218 0.01572257],gun_shot
"[ 0.01467342  0.02416823  0.02024001 ... -0.06806173  0.01996072
  0.02202788]",gun_shot
"[-0.00635685 -0.00996412 -0.00794815 ...  0.21340539 -0.04650139
 -0.16520417]",drilling
"[ 0.09692977  0.17000335 -0.45144397 ...  0.12666449  0.16793938
 -0.04792221]",drilling
"[-0.02026037  0.17757557  0.12766524 ... -0.33245832 -0.02830326
  0.06816833]",drilling
"[-0.1627413   0.00338503  0.05519167 ...  0.25351653  0.2342269
 -0.04540185]",drilling
"[-0.06018161 -0.1245989   0.01658697 ... -0.03100174  0.21354409
  0.19584307]",drilling
"[ 0.16715951 -0.00891379 -0.3124449  ... -0.0244857  -0.04654209
 -0.03603901]",drilling
"[-0.03139437 -0.0398985  -0.01254215 ... -0.5930581  -0.49660847
 -0.15920213]",dog_bark
"[-0.08554817 -0.08332933 -0.03412811 ...  0.11658094  0.01739579
 -0.10665722]",dog_bark
"[ 1.9209603e-05  5.1354701e-03 -7.2620888e-03 ...  2.9077860e-02
  2.8932368e-02  4.1246243e-02]",dog_bark
"[ 0.12058672  0.19115484  0.15735926 ... -0.24470477 -0.23132072
 -0.24154367]",dog_bark
"[ 0.03970537  0.02125751 -0.0988264  ...  0.04284643  0.02500156
  0.04206926]",jackhammer
"[-0.05497109 -0.10661773  0.01292327 ... -0.01057389  0.04684883
  0.0368297 ]",jackhammer
"[-0.00501264  0.01386742 -0.08673441 ... -0.00538105 -0.00905871
 -0.01818786]",jackhammer
"[-0.15744147 -0.29715893 -0.2714913  ... -0.12629709 -0.08195935
 -0.07562939]",siren
"[-0.3572079  -0.5858141  -0.48105583 ... -0.26664913 -0.30762118
 -0.43207756]",siren
"[-0.09213808 -0.09765317  0.00697207 ... -0.28665963 -0.22362572
 -0.08980158]",siren
[0.2657028  0.510257   0.4756592  ... 0.60163516 0.39175254 0.12538941],siren
"[ 0.05184866  0.2105287   0.28954142 ... -0.10857087 -0.12327262
 -0.16108437]",siren
"[-0.1068241  -0.3985741  -0.60759836 ...  0.11436713  0.076882
  0.00675122]",siren
"[-0.18820485 -0.28942323 -0.17945294 ... -0.11046698 -0.16739847
 -0.27076513]",siren
"[-0.09608461 -0.17253359 -0.11876158 ...  0.0224216   0.00624236
  0.02009814]",siren
"[-0.25718632 -0.41553017 -0.32731202 ...  0.1769568   0.11814046
  0.10220066]",siren
"[ 0.00544573  0.01336465  0.03804942 ... -0.06494611 -0.18568076
 -0.3639508 ]",siren
"[ 0.0202833   0.02614695  0.04908548 ... -0.4587699  -0.3499932
 -0.22957912]",siren
"[-0.11168425 -0.16748667 -0.09189736 ...  0.02549705  0.20472592
  0.37076083]",siren
"[-0.03325703  0.00441523  0.06827967 ... -0.1770517  -0.07788337
  0.07539342]",siren
"[ 0.25075743  0.3270926   0.09671143 ... -0.01715554 -0.11983943
 -0.19744168]",siren
[0.15627277 0.38708317 0.46183097 ... 0.26835355 0.3150648  0.4315022 ],siren
"[ 0.09475545  0.08833291 -0.01043088 ...  0.15138906  0.15060903
  0.09934417]",siren
"[ 0.00040423  0.00032827  0.00125193 ...  0.06854898  0.11581247
 -0.27547592]",drilling
"[ 0.00733144  0.05814353 -0.06514677 ... -0.10219164  0.23038507
  0.04081016]",drilling
"[-0.17536058  0.24956857  0.4940331  ...  0.01285317  0.00168051
 -0.00575058]",drilling
"[ 9.6773070e-09 -6.1078493e-09  1.2565659e-09 ...  4.6944801e-02
  2.5298400e-02 -4.2431474e-02]",dog_bark
"[-8.7056073e-10 -2.7607585e-09  2.3373106e-09 ... -2.1139067e-01
  1.0618672e-01  1.9258051e-01]",dog_bark
"[-7.4043101e-09 -9.4708774e-09 -1.5804831e-08 ... -2.3937259e-02
  4.5943171e-02 -4.5120493e-02]",dog_bark
"[ 0.07068072  0.05892784 -0.07883257 ... -0.03233094 -0.19905826
 -0.33467436]",street_music
"[-0.01112964 -0.00910718  0.15230054 ...  0.04379222  0.10310347
  0.06292157]",street_music
"[-0.11389343 -0.08928171  0.03750151 ... -0.16802838 -0.2267674
 -0.13532813]",street_music
"[-0.11563241 -0.23353358 -0.1959619  ... -0.20328572 -0.1912326
 -0.20769319]",street_music
"[-0.00985537  0.01713828  0.02454475 ... -0.03979674 -0.03722519
 -0.01778286]",street_music
[0.0288542  0.13831544 0.26077276 ... 0.17830195 0.20774756 0.26737973],street_music
"[-0.00241808  0.02163123  0.05349308 ... -0.33686912 -0.3058379
 -0.27632234]",engine_idling
"[ 0.17503253  0.42916158  0.3934828  ...  0.06356598  0.01941711
 -0.02469901]",engine_idling
"[-0.00311644 -0.00159872 -0.00364458 ... -0.0141349  -0.01956946
 -0.01514125]",dog_bark
"[ 0.00097191  0.00167022  0.0089427  ...  0.07949799 -0.00340925
 -0.06355536]",dog_bark
"[-0.07770938 -0.00993361  0.19865887 ...  0.00140368  0.01471566
  0.02932846]",dog_bark
"[-0.01177193 -0.00861655  0.0056321  ...  0.03043108  0.03356449
  0.04422648]",dog_bark
"[-0.00166152 -0.00283238 -0.00054765 ... -0.04664323 -0.07778917
 -0.12521467]",dog_bark
"[ 0.0180738   0.02153451 -0.00439191 ...  0.04585483  0.01802553
 -0.02208895]",dog_bark
"[-0.00119295 -0.00105479 -0.00271203 ...  0.2384491   0.22470611
  0.21188746]",dog_bark
"[-9.6950556e-05 -7.8605022e-05 -1.5983667e-05 ...  1.6428651e-02
 -2.5872877e-02 -2.4538044e-02]",gun_shot
"[ 0.00644537  0.00947998  0.00700319 ... -0.0446397  -0.05319991
 -0.04639415]",children_playing
[0.00891433 0.05785065 0.08099131 ... 0.02735505 0.03937691 0.06213411],children_playing
"[-0.02493687  0.24142872  0.4949489  ...  0.00712011  0.00295362
  0.00206932]",children_playing
"[-0.00610517 -0.01401445 -0.01384496 ...  0.12700348  0.07873571
  0.04852209]",children_playing
"[-0.00699996 -0.08018664 -0.15366441 ...  0.00293262 -0.00316764
  0.00671742]",children_playing
"[-0.0044428  -0.00639116 -0.00457805 ... -0.02028887 -0.02911618
 -0.05074809]",children_playing
"[-0.0311687  -0.04082466  0.00202596 ...  0.008004    0.00864301
  0.00859584]",children_playing
"[-0.1301935  -0.2290555  -0.14654954 ...  0.46361947  0.24804787
  0.05068715]",siren
"[ 0.07594659  0.08955003  0.06329326 ...  0.02226962 -0.11423305
 -0.20263626]",siren
"[-0.02232607  0.07288551  0.21139367 ... -0.03896451 -0.06600349
 -0.07819947]",siren
"[-0.02230194 -0.05929602 -0.02129311 ...  0.26477173  0.17449594
  0.01439043]",siren
"[-0.14886977 -0.255466   -0.15957539 ... -0.41098598 -0.33376878
 -0.48172522]",siren
"[-0.00835943 -0.02349695 -0.03408797 ...  0.32011455  0.34630376
  0.33727777]",siren
"[-0.21719968 -0.37979975 -0.3365823  ... -0.04058193  0.02486344
  0.09128312]",siren
"[ 0.08044191  0.1018789   0.04077977 ... -0.48277342 -0.5955548
 -0.7397938 ]",siren
"[ 0.00919566 -0.06911933 -0.05007266 ... -0.34031278 -0.3587143
 -0.35142875]",siren
"[-0.47306606 -0.66828805 -0.4674139  ... -0.2586276  -0.17755361
 -0.09421295]",siren
"[-0.17535579 -0.194979    0.03453137 ...  0.02550986  0.02248306
  0.03357201]",siren
"[ 1.1210883e-08 -4.8038431e-09  5.3182663e-09 ... -1.8123917e-01
 -1.7243737e-01 -1.4590749e-01]",air_conditioner
"[-0.02986147  0.08978613  0.15866642 ... -0.08788934 -0.07383739
 -0.00764864]",children_playing
"[ 0.03206439  0.08606996  0.11580143 ... -0.07702781 -0.05055953
 -0.04212055]",children_playing
"[-0.4491141  -0.70674956 -0.3951323  ... -0.01509544 -0.01867003
  0.02124737]",children_playing
"[-0.02025662 -0.02345063 -0.01096151 ... -0.00222213  0.01834956
  0.00280504]",children_playing
"[-0.01049109 -0.04978285 -0.08667897 ... -0.10944147 -0.12431309
 -0.08571659]",children_playing
"[ 0.05028076 -0.02182046 -0.20653683 ...  0.05761513  0.05281564
  0.04280423]",children_playing
"[-0.07921963 -0.17521633 -0.19451508 ... -0.01348632  0.05041919
  0.10248297]",children_playing
"[ 0.20262788  0.40797848  0.34951562 ... -0.24612625 -0.3107958
 -0.2546474 ]",children_playing
"[ 0.16245118  0.30754915  0.31067735 ... -0.23699908 -0.21295442
 -0.23064026]",street_music
[0.02583703 0.04360767 0.03119619 ... 0.23931606 0.3903114  0.53655434],street_music
"[-0.05283943 -0.02186363  0.07533833 ... -0.48175418 -0.45753184
 -0.476556  ]",street_music
"[ 0.30605084  0.45025524  0.26796418 ... -0.16090412 -0.26037952
 -0.37180668]",street_music
"[-0.23874724 -0.37057284 -0.2578095  ...  0.06291313  0.07990467
  0.1427899 ]",street_music
[0.11759486 0.23058268 0.23168308 ... 0.03762522 0.03360777 0.03167406],street_music
"[-0.00475708 -0.04824097 -0.12476733 ... -0.20209797 -0.13334396
 -0.16976812]",jackhammer
"[-0.1661552  -0.24717537 -0.32351333 ...  0.02428662  0.05357962
  0.10121775]",jackhammer
"[ 0.17238665  0.34317043  0.2843246  ... -0.0995397  -0.02876873
 -0.01799662]",jackhammer
"[-0.00706918 -0.04521102 -0.10062121 ... -0.02288293 -0.03285134
 -0.0800762 ]",jackhammer
"[ 0.0271568   0.21404125  0.07145484 ... -0.36444572 -0.133287
 -0.32013395]",jackhammer
"[ 0.11826485  0.11466412  0.01303807 ... -0.21652734 -0.05585701
  0.16980594]",jackhammer
"[-0.18170494 -0.33872414 -0.3726631  ... -0.15834895 -0.0902093
 -0.13492885]",jackhammer
"[-0.19583279 -0.3369543  -0.28909478 ...  0.3950776   0.19677082
  0.16671535]",jackhammer
"[-0.08202554 -0.06553802  0.07514688 ... -0.19227506 -0.31024492
 -0.50773823]",jackhammer
"[-0.28089398 -0.4833655  -0.4470541  ...  0.6464598   0.58628565
  0.49484912]",jackhammer
"[ 0.021329   -0.04639488 -0.01524158 ... -0.19065563 -0.10825029
 -0.00899887]",jackhammer
[0.16520943 0.18815471 0.25108573 ... 0.18169138 0.04204297 0.05737616],jackhammer
[0.10055113 0.11891297 0.07620884 ... 0.20213743 0.17564967 0.00170501],jackhammer
"[ 0.04093179  0.02105155 -0.04583002 ...  0.36435452  0.37045607
  0.40780097]",jackhammer
[0.07433963 0.13300343 0.02016817 ... 0.14807683 0.17694874 0.15031992],jackhammer
"[ 0.00689094 -0.03985454 -0.0794135  ...  0.3379282   0.46371475
  0.30416676]",jackhammer
"[ 0.16659328  0.13836549  0.10797255 ... -0.00555897 -0.01204457
 -0.01842402]",jackhammer
"[ 0.19891083  0.32003686  0.26236334 ... -0.0230056  -0.05533932
  0.10795922]",jackhammer
"[ 0.06710303 -0.07351159 -0.17313418 ...  0.04919469 -0.03840382
 -0.08073818]",jackhammer
"[ 0.22734602  0.36548015  0.3547849  ... -0.19858597 -0.10371925
 -0.33175954]",jackhammer
"[-0.02725404 -0.09654902 -0.03317178 ... -0.14727308 -0.02008684
  0.05842747]",jackhammer
"[ 0.01325545  0.01182787 -0.06616316 ...  0.23101987  0.30277866
  0.2912056 ]",jackhammer
"[-0.04319729 -0.04339419 -0.28553134 ...  0.06747347  0.15714686
  0.3466506 ]",jackhammer
"[ 0.08578698  0.03628073  0.00704584 ... -0.11034423 -0.11137911
 -0.0913924 ]",jackhammer
"[ 0.19597022  0.39887354  0.2846262  ... -0.18129703 -0.27343893
 -0.3589284 ]",jackhammer
"[-0.18681374 -0.30636153 -0.26369146 ...  0.05926291  0.10855846
  0.09255052]",jackhammer
[0.1861519  0.24019487 0.07351455 ... 0.06005147 0.16586821 0.3720992 ],jackhammer
[0.22586203 0.32294163 0.26348042 ... 0.01781994 0.05204509 0.24036105],jackhammer
"[-0.07636181 -0.16887435 -0.15425897 ...  0.07227948  0.07204942
  0.14560252]",jackhammer
"[ 0.0811426   0.02048859 -0.07853451 ...  0.38134336  0.35077524
  0.2735583 ]",jackhammer
"[ 0.07538091  0.07364637  0.04912285 ... -0.10142814 -0.12588309
 -0.00933996]",jackhammer
[0.18327315 0.37735754 0.47842988 ... 0.3431206  0.3680506  0.41469333],jackhammer
"[-0.00208555 -0.02377272  0.08546675 ...  0.29896775  0.2163037
  0.20882662]",jackhammer
[0.35327756 0.59915245 0.52116615 ... 0.47499156 0.22937514 0.14126518],jackhammer
[0.14968501 0.24311341 0.3315558  ... 0.24685517 0.23963888 0.30929974],jackhammer
"[-0.00391218  0.02186352  0.05562538 ...  0.12500082  0.19159614
  0.32857957]",jackhammer
"[-0.12875782 -0.23482212 -0.36474043 ...  0.01010017 -0.04447048
  0.01560037]",jackhammer
[0.16532205 0.30726066 0.30318046 ... 0.40564165 0.30265838 0.16667958],jackhammer
"[ 0.01724295  0.11577085  0.13931164 ... -0.1641729  -0.23112199
 -0.21859562]",jackhammer
"[-5.3666963e-04 -5.3314332e-02 -7.9493299e-02 ...  7.2831053e-01
  5.7328540e-01  7.6641691e-01]",jackhammer
[0.39638206 0.8068814  0.7690847  ... 0.3524236  0.36611676 0.1387554 ],jackhammer
[0.41500401 0.60413426 0.50105697 ... 0.34873477 0.2625659  0.33228588],jackhammer
[0.2576905  0.3721343  0.2905896  ... 0.1712149  0.24463187 0.3626453 ],jackhammer
"[-0.19335967 -0.27720115 -0.20071183 ...  0.19727403  0.24231082
  0.41286376]",jackhammer
[0.18855129 0.22354685 0.15250224 ... 0.19394818 0.25253433 0.29628247],jackhammer
"[-0.08960763 -0.10352504 -0.09008919 ...  0.30081657  0.24053887
  0.21177167]",jackhammer
[0.17279913 0.31771123 0.19728373 ... 0.03041253 0.09139226 0.20833807],jackhammer
[0.119905   0.25347465 0.218801   ... 0.192582   0.17296688 0.23743834],jackhammer
"[ 0.17992364  0.17999883 -0.01292584 ...  0.09558879  0.09216635
  0.08671992]",jackhammer
"[-0.14697398 -0.18289575 -0.10109994 ... -0.02811105 -0.10880001
 -0.19505379]",jackhammer
[0.02784708 0.11392414 0.17206693 ... 0.33350238 0.4187476  0.58456784],jackhammer
"[-0.09519264 -0.10146455  0.04360693 ...  0.4463315   0.405372
  0.33874586]",jackhammer
"[-0.09200604 -0.24573822 -0.43777907 ...  0.2667431   0.26328406
  0.23560585]",jackhammer
"[-0.21108223 -0.28727704 -0.20400815 ... -0.14699008 -0.10141005
 -0.12229099]",jackhammer
[0.30818474 0.4779494  0.18924499 ... 0.38154548 0.2909955  0.31492242],jackhammer
"[-0.04853698 -0.05054995  0.06948856 ...  0.14057033  0.19913442
  0.25383186]",jackhammer
"[ 0.2017981   0.36832938  0.42819628 ... -0.10093079 -0.16558257
 -0.15025592]",jackhammer
"[ 0.14785191  0.22705749  0.13291149 ... -0.02053586  0.00564672
  0.03449924]",jackhammer
"[-0.3618287  -0.5237876  -0.11309521 ...  0.12410988  0.2100504
  0.04866741]",jackhammer
"[-0.26963586 -0.4045381  -0.22060558 ...  0.11212493 -0.00845205
  0.03083578]",jackhammer
"[-0.09572996 -0.12061626 -0.06150844 ...  0.05695492  0.03124097
 -0.08631726]",jackhammer
[0.07643807 0.16084993 0.14957769 ... 0.1561816  0.12929861 0.14576024],jackhammer
"[ 0.01519664 -0.15211128 -0.25387254 ... -0.04083513  0.1287014
  0.04481304]",jackhammer
"[ 0.04119479  0.10466457  0.172102   ...  0.25509205  0.15454108
 -0.1087194 ]",jackhammer
[0.00234611 0.02314075 0.19055133 ... 0.07294708 0.03833892 0.02891114],jackhammer
"[ 0.01920091 -0.00981363  0.03897847 ... -0.00989896 -0.04748537
 -0.10440599]",jackhammer
"[-0.00953037 -0.02228458 -0.0402399  ... -0.11023788 -0.05956213
 -0.15772663]",drilling
"[-0.00541995 -0.21962883 -0.16446441 ... -0.10764195 -0.05060028
  0.06570782]",drilling
[0.22978866 0.44463643 0.44439453 ... 0.38496295 0.390359   0.4382159 ],drilling
"[ 0.26610413  0.42913347  0.27835578 ... -0.15269051 -0.10325171
 -0.11711173]",drilling
[0.3317566  0.5084323  0.3604248  ... 0.09686877 0.02663312 0.0217452 ],drilling
[0.16784024 0.28345424 0.25007597 ... 0.23081408 0.250982   0.27631095],drilling
"[-0.01534251 -0.04270985 -0.08500614 ... -0.31766337 -0.3244795
 -0.3628722 ]",drilling
"[-0.263245   -0.420521   -0.36197045 ... -0.01441447  0.02745932
  0.04683524]",drilling
[0.07829997 0.09124412 0.05996092 ... 0.08166334 0.08334386 0.06741813],drilling
"[-0.04622595 -0.1061851  -0.13105766 ... -0.21356627 -0.14429274
 -0.10210684]",drilling
"[-0.02760372 -0.02816722 -0.01484071 ...  0.25537738  0.2399153
  0.20774601]",drilling
"[ 0.2954639   0.18121879  0.2468383  ... -0.15798266 -0.14195529
 -0.13375568]",drilling
"[ 0.13173194  0.26230282  0.29904532 ... -0.0243671  -0.01733365
  0.02826978]",drilling
"[ 0.01101393  0.0859099   0.24522822 ... -0.35071674 -0.3132998
 -0.3363553 ]",drilling
"[-0.08560616 -0.10776707 -0.11059463 ... -0.09033354 -0.10719287
 -0.05287347]",drilling
"[-0.07285987 -0.00111578 -0.07550397 ... -0.14571208 -0.16822751
  0.0010328 ]",drilling
"[-0.08997934  0.11855787  0.14624436 ... -0.26119256 -0.0934022
 -0.03237881]",drilling
"[ 0.12077852 -0.02631714 -0.10941628 ... -0.03164678 -0.03681898
 -0.1542485 ]",drilling
"[-0.34961253 -0.39931488 -0.51080143 ...  0.14980337  0.13468675
  0.16699237]",drilling
[0.20442809 0.31754962 0.2572561  ... 0.08609243 0.05332733 0.06105721],drilling
"[ 0.01785292  0.00303772 -0.02312575 ... -0.51896745 -0.37458834
 -0.35650307]",drilling
"[-0.00538456 -0.02960879 -0.04660714 ... -0.02265304 -0.02502595
 -0.02672293]",drilling
"[-0.00036171 -0.00046249 -0.00026312 ...  0.03198846  0.03231316
  0.03030311]",dog_bark
"[-0.00053225 -0.00045603 -0.00024323 ...  0.00387081  0.00632351
  0.00960748]",dog_bark
"[-0.15995489 -0.27428705 -0.23666112 ... -0.09928456 -0.11551429
 -0.14934543]",dog_bark
"[ 0.07577241  0.09893677 -0.03012414 ...  0.03240025  0.01452143
 -0.07473956]",dog_bark
"[ 0.22071515  0.30840304  0.01591975 ...  0.01507333  0.00349066
 -0.00124345]",dog_bark
"[-0.00352546  0.00166385  0.00968108 ... -0.00499142 -0.02167384
 -0.04804339]",dog_bark
[0.33125708 0.3347418  0.32077205 ... 0.232232   0.13682836 0.13292108],drilling
"[-0.16194922 -0.19095339 -0.01686463 ... -0.47427213 -0.24927488
 -0.16485019]",drilling
"[ 0.01972841  0.03118613  0.01805287 ... -0.04334549 -0.09825766
  0.45225605]",drilling
"[ 0.00809297  0.17594679  0.26199666 ...  0.02304213 -0.11208937
 -0.2404687 ]",drilling
"[ 0.08354944 -0.02081173  0.00063561 ... -0.21769926 -0.18639046
 -0.17052215]",drilling
[0.21558265 0.19829124 0.11731265 ... 0.08769885 0.06411526 0.06496067],drilling
"[-0.00544841  0.00609659  0.07114674 ... -0.01766147  0.04131272
 -0.03412148]",drilling
"[-0.02199302 -0.04337573 -0.11069843 ... -0.53533435 -0.47196913
 -0.4436105 ]",drilling
"[ 0.02152716 -0.01913383  0.04331139 ... -0.07294719  0.1674522
  0.11925101]",drilling
"[-2.2773254e-05 -3.7160167e-05 -4.8231825e-05 ...  3.0925924e-01
  2.2800666e-01  1.2672825e-01]",drilling
"[-0.14073277 -0.13491334  0.13131933 ... -0.29799718 -0.30910525
 -0.31358272]",drilling
"[ 0.03211355  0.05155959  0.04074011 ...  0.01791093  0.007709
 -0.0209866 ]",drilling
"[-0.20301868 -0.25400043 -0.09295396 ...  0.15874465  0.18759029
  0.253195  ]",drilling
"[-0.00973051 -0.02716207 -0.04190962 ...  0.24372588  0.24511644
  0.23329815]",drilling
"[ 0.00911987  0.01741605  0.02080732 ... -0.29854783 -0.37106195
 -0.34077507]",drilling
"[-2.7447639e-04  5.4367662e-05  4.8576205e-04 ...  8.5939310e-02
  1.2106917e-01  1.5965462e-01]",drilling
"[-0.00433484 -0.00757252 -0.00442185 ...  0.0651817   0.06916288
 -0.04189291]",drilling
"[ 0.03292378  0.07281608  0.08338683 ... -0.203623   -0.11690939
  0.05654936]",drilling
"[ 0.00077786 -0.00148187 -0.00477541 ... -0.11766454 -0.06966642
  0.06502754]",drilling
"[ 0.01332087  0.02537387  0.02456245 ... -0.1231577  -0.1846123
 -0.1943591 ]",drilling
"[-0.00112059 -0.00714446 -0.010686   ...  0.09240039  0.0967612
  0.10638565]",drilling
"[-4.9098317e-09  1.2912813e-08  1.7213223e-08 ...  3.9393723e-01
  3.8358694e-01  4.2746371e-01]",engine_idling
"[ 0.08891065  0.15501834  0.15905632 ... -0.8829115  -0.81463665
 -0.881658  ]",engine_idling
[0.2019156  0.32413056 0.26967323 ... 0.4849182  0.45086646 0.4801852 ],engine_idling
"[-0.46136028 -0.76831067 -0.6442641  ...  0.2385591   0.1810879
  0.15558496]",engine_idling
[0.28175837 0.43855575 0.34424365 ... 0.3553962  0.33615246 0.35379755],engine_idling
"[ 0.10917643  0.21752667  0.22507969 ... -0.27779958 -0.27282855
 -0.3059837 ]",engine_idling
"[-0.01822219 -0.02863348 -0.03179407 ... -0.00321875 -0.00588086
 -0.00449812]",dog_bark
"[-0.2069643  -0.45229    -0.6157463  ...  0.00217302  0.00279082
  0.00213224]",dog_bark
[0.01211726 0.01733634 0.01794407 ... 0.01695467 0.01933676 0.00684377],dog_bark
"[-8.6658787e-05  4.4568319e-06  1.4126168e-04 ... -5.2702874e-02
 -1.0243590e-01 -1.4723417e-01]",dog_bark
"[-0.10225561 -0.13094439 -0.0680655  ...  0.11492421  0.05765837
  0.08064748]",street_music
"[-0.12591043 -0.20039421 -0.16701132 ... -0.09375145 -0.15328118
 -0.18722726]",street_music
"[-0.226538   -0.36460355 -0.297251   ... -0.09628154 -0.05982713
 -0.06527989]",street_music
"[-0.10995906 -0.16007942 -0.1420269  ...  0.23673919  0.24244435
  0.15279095]",street_music
"[-0.06129554 -0.12705876 -0.15827702 ...  0.21482527  0.21445201
  0.17442515]",street_music
"[4.9429811e-05 2.5266081e-05 3.2302258e-05 ... 8.0388424e-04 1.4942190e-04
 1.9386667e-03]",gun_shot
"[-8.4781896e-06 -7.9458705e-06 -1.4021910e-05 ...  3.4863493e-04
  3.2698736e-04  5.6926318e-04]",gun_shot
"[-3.1070445e-05  3.1539294e-05 -3.6538695e-06 ... -1.1586637e-01
 -1.4658841e-01 -1.7631486e-01]",children_playing
"[-0.01480461 -0.01113535 -0.00144337 ...  0.05058352  0.12212374
  0.12124715]",children_playing
"[ 0.00767003  0.02812845  0.05189133 ...  0.08881453  0.05408014
 -0.0020477 ]",children_playing
"[-0.03569922 -0.04707736 -0.00441077 ... -0.05484072  0.01477111
  0.10382167]",children_playing
[0.02599513 0.0548266  0.05140947 ... 0.12645988 0.11744363 0.08181781],children_playing
[0.29930836 0.4188996  0.3335591  ... 0.03293989 0.03124893 0.01558741],children_playing
"[ 0.00720547 -0.15320699 -0.30804786 ... -0.02923393  0.05107463
  0.06095238]",children_playing
"[-0.02758738 -0.04900095 -0.07319253 ...  0.11892992  0.13294347
  0.08468091]",children_playing
"[-3.17592862e-11 -5.95486577e-11 -3.96991051e-11 ... -1.18887715e-01
 -1.28798380e-01 -1.28956854e-01]",street_music
"[-0.01275975  0.00244821  0.03109085 ...  0.03614992 -0.0265827
  0.10100661]",street_music
"[-0.04788282 -0.06668518 -0.09154665 ... -0.03649857 -0.03945909
 -0.02908772]",street_music
"[-0.08180855 -0.10162288 -0.05958213 ... -0.25567615 -0.16139676
 -0.06537039]",street_music
"[ 0.01323209  0.09978491  0.13443145 ... -0.05973851 -0.04814153
 -0.04657847]",street_music
"[-0.05389123  0.02408437  0.07954367 ...  0.10437441  0.03850484
 -0.00315655]",street_music
"[-2.05516539e-13 -5.13791321e-13  1.64413231e-12 ... -1.05412975e-01
 -5.17036058e-02 -4.97553451e-03]",street_music
"[ 0.05775095 -0.07453991 -0.11195782 ...  0.2506858   0.25055686
  0.03928922]",street_music
"[-0.20003472 -0.53057325 -0.40069306 ... -0.17238456 -0.00674164
  0.23388538]",street_music
"[ 0.35047105  0.26736778 -0.0108143  ... -0.03278617 -0.16543545
 -0.18420671]",street_music
"[-0.01350844 -0.04475868  0.01990728 ... -0.29569903 -0.02363155
  0.23005293]",street_music
"[-0.04801351  0.00542566  0.07737588 ...  0.3910638  -0.2984477
 -0.300657  ]",street_music
"[ 0.          0.          0.         ... -0.13862954 -0.14348699
 -0.13820331]",gun_shot
"[-0.27619898 -0.45068035 -0.32995924 ...  0.00501997  0.00203583
  0.002016  ]",dog_bark
"[-0.01899841 -0.03302006 -0.02826573 ...  0.00661383  0.00650546
  0.00796624]",dog_bark
"[3.5779574e-04 1.4007500e-03 9.5229836e-05 ... 2.1289040e-03 2.5976442e-03
 1.2038081e-03]",dog_bark
"[ 4.2655342e-03  6.5672253e-03  4.2884308e-03 ... -7.4455738e-06
  6.3741120e-04  2.6527402e-04]",dog_bark
"[-0.02561682 -0.02734852  0.01455984 ...  0.33905262  0.24294062
  0.24745856]",children_playing
"[-0.08181559 -0.04124101 -0.01089471 ... -0.10534041 -0.08731975
 -0.12485374]",children_playing
"[ 0.00817211 -0.00933323 -0.01828688 ...  0.0161268   0.00328488
  0.008672  ]",children_playing
"[-0.04297995 -0.08489847 -0.09853396 ... -0.15167008 -0.08642367
 -0.11536025]",children_playing
"[-0.06136349 -0.03063753  0.02526563 ...  0.09542125  0.13828132
  0.14640316]",children_playing
"[-0.2600545  -0.4433491  -0.31463385 ... -0.12040018  0.08139013
  0.08032715]",children_playing
[0.19387749 0.13888359 0.07675133 ... 0.         0.         0.        ],children_playing
"[ 1.5496065e-05 -4.5994975e-04 -2.3814668e-03 ...  9.0477392e-02
  2.0492335e-01  1.4584084e-01]",siren
"[-0.44397914 -0.7159585  -0.5387496  ...  0.42956388  0.38276958
  0.33542266]",siren
"[-0.00484116 -0.03070062  0.05565048 ...  0.24684209  0.2563172
  0.25990933]",siren
"[ 0.08145434  0.0424683  -0.0863403  ... -0.06183487 -0.08344053
 -0.11996015]",siren
"[ 0.10076362  0.00297227 -0.2344075  ... -0.18597761 -0.11560158
  0.06479134]",siren
[0.05490213 0.2547183  0.1751503  ... 0.4459715  0.45942906 0.40682986],siren
[0.1206367  0.2527941  0.15492222 ... 0.23164484 0.42203647 0.48353383],siren
"[ 0.03829866  0.07455675  0.09102703 ... -0.02883476  0.0764023
  0.12103726]",siren
"[ 0.01682     0.01328902  0.02157116 ... -0.19693676 -0.19431366
 -0.14140086]",children_playing
"[ 0.0113424   0.02333486  0.14806046 ... -0.00951952 -0.00698062
  0.01267205]",children_playing
"[ 0.00641671  0.00967867  0.0027848  ... -0.00645892 -0.00916471
 -0.00814849]",children_playing
"[ 0.11254638  0.18645507  0.14479524 ... -0.00348375 -0.02913066
 -0.0352555 ]",children_playing
"[-0.00644041 -0.0024234  -0.00740614 ...  0.02007262  0.02581505
  0.03067476]",children_playing
"[ 0.13256884  0.37236845  0.3598649  ... -0.09521421 -0.04161328
  0.097923  ]",children_playing
"[ 0.04074994  0.058154    0.01874613 ... -0.17487304 -0.1603538
 -0.10511743]",children_playing
"[-0.05380219 -0.19130068 -0.24205783 ...  0.33685893  0.39746416
  0.25815606]",street_music
"[ 0.02213881 -0.07635073 -0.1702741  ... -0.1068792  -0.10000876
  0.01236183]",street_music
[0.09047306 0.19931889 0.12598361 ... 0.05412695 0.07116122 0.03675406],street_music
"[ 0.17449358  0.27258143  0.25121576 ... -0.03673242 -0.00912144
  0.13566808]",street_music
"[ 0.14037669  0.20828412  0.07989829 ...  0.07925427 -0.00596874
 -0.21531579]",street_music
"[-0.04587356  0.00777869  0.05891668 ... -0.4010936  -0.29342017
 -0.15357707]",street_music
"[ 0.47800702  0.4677336  -0.33209786 ...  0.09504887  0.11350616
  0.21030067]",street_music
"[ 0.17555502  0.1156339  -0.11054706 ...  0.10317585  0.1089075
  0.06385793]",street_music
"[-0.02403091 -0.14131413 -0.2289932  ...  0.08131865  0.26517916
  0.46276316]",street_music
[0.2211433  0.2926954  0.06315947 ... 0.15726702 0.155953   0.2009939 ],street_music
"[-0.07837989 -0.1757789  -0.19205725 ...  0.04196214  0.06701451
  0.020258  ]",street_music
"[ 0.12594719  0.14728417  0.06195395 ... -0.12896223  0.0324835
  0.04813807]",street_music
"[-0.20698437 -0.3496635  -0.23995814 ... -0.44330359 -0.24159248
  0.14735037]",siren
"[ 0.01166145  0.08457667  0.16933933 ... -0.35334074 -0.11729984
  0.1483506 ]",siren
"[-0.04973796 -0.08773865 -0.06973691 ...  0.12459983  0.1321521
  0.1724044 ]",siren
"[ 0.08687573  0.08181669 -0.04314045 ... -0.33986175 -0.33698618
 -0.3177693 ]",siren
[0.14759271 0.28923666 0.22874227 ... 0.42926502 0.36151636 0.2178532 ],siren
"[-0.13312432 -0.04385968  0.22431569 ... -0.1991652  -0.1812827
 -0.13845903]",siren
"[ 0.05117428  0.01693993 -0.06187217 ...  0.04093142  0.04128996
  0.07280777]",siren
"[-0.05190261 -0.07648145 -0.03921371 ...  0.20249735  0.08803443
  0.00540352]",siren
[0.0713625  0.12022246 0.12364988 ... 0.17451693 0.15416238 0.08600271],siren
"[-0.04924921 -0.10843045 -0.12239422 ... -0.02556449 -0.0390686
 -0.07676382]",siren
"[ 0.06176833  0.09209058  0.05002643 ... -0.09561444 -0.04171751
  0.02349109]",siren
"[-0.06467633 -0.15583532 -0.15399817 ...  0.06479751  0.05516717
  0.04623627]",siren
"[ 0.3030877   0.59083474  0.47848698 ... -0.17327179  0.01069298
  0.11228842]",siren
"[ 0.06422498  0.11645738  0.12806389 ... -0.06811529 -0.08934952
 -0.0967209 ]",siren
[0.04965677 0.08649816 0.06412145 ... 0.11659055 0.12868868 0.14048862],siren
"[ 0.1517584   0.18076004  0.10935339 ... -0.10623418 -0.13708898
 -0.3681229 ]",siren
"[ 0.04569481  0.048213   -0.00629273 ... -0.10287461 -0.20305063
 -0.210437  ]",siren
"[-0.36184993 -0.65702164 -0.6171747  ...  0.03886499  0.1105387
  0.21898375]",siren
"[-0.06391859 -0.00964257  0.0478656  ...  0.10682417  0.26955017
  0.49869156]",siren
"[ 0.17058924  0.22044039  0.15187468 ...  0.13964067 -0.01942712
 -0.34014657]",siren
"[ 0.30540806  0.4334256   0.1707323  ...  0.07609122 -0.00559646
 -0.08164123]",siren
"[-0.27648243 -0.51330984 -0.4081683  ...  0.12455308  0.19269791
  0.18781893]",siren
[0.07605425 0.04368409 0.07765089 ... 0.12973434 0.1664043  0.1477003 ],engine_idling
"[ 0.00465721  0.00621954  0.00162511 ... -0.24957258 -0.11086623
  0.06584279]",drilling
"[-0.00126576 -0.00155067 -0.00063451 ...  0.18639599  0.02832468
 -0.09750343]",drilling
"[-0.00067853 -0.00119905 -0.00123311 ... -0.00263966 -0.00098499
 -0.00124159]",drilling
"[-0.00110436 -0.00206556 -0.0019291  ... -0.10501347 -0.2920173
 -0.02863738]",drilling
"[-2.1480766e-05 -4.4739541e-02 -5.1454414e-02 ...  2.1371178e-02
 -3.6069654e-02  2.8321365e-02]",drilling
"[-0.03530227 -0.12354219 -0.065985   ... -0.05068555 -0.04652749
 -0.00674075]",car_horn
"[ 0.00580649  0.02058529  0.04315961 ...  0.34222883  0.31556118
 -0.03299125]",car_horn
"[-0.02135237 -0.07396611 -0.07893857 ... -0.43978012 -0.26599756
  0.10165225]",car_horn
"[ 1.7980299e-09 -1.6547281e-09  1.5936718e-09 ...  1.2267457e-01
  8.5981712e-02  7.3199056e-04]",street_music
"[ 7.44933933e-02  7.19615771e-03 -1.96397454e-01 ... -1.16946416e-04
  1.21858660e-02  1.75966509e-03]",street_music
"[ 0.03480529  0.04274767  0.07457618 ... -0.08757766 -0.07225578
 -0.02135037]",street_music
"[ 0.03564456  0.02088938 -0.08754192 ... -0.10615877 -0.02018728
  0.04449267]",street_music
"[-0.02313428 -0.03184501 -0.05954203 ... -0.07197957 -0.04193852
 -0.00020644]",street_music
"[-0.01472543 -0.0256536  -0.00757906 ... -0.02746681 -0.05247988
 -0.02785769]",street_music
